Handle,Title,Body (HTML),Vendor,Type,Tags,Published,Option1 Name,Option1 Value,Option2 Name,Option2 Value,Option3 Name,Option3 Value,Variant SKU,Variant Grams,Variant Inventory Tracker,Variant Inventory Qty,Variant Inventory Policy,Variant Fulfillment Service,Variant Price,Variant Compare At Price,Variant Requires Shipping,Variant Taxable,Variant Barcode,Image Src,Image Alt Text
riddell-360,360,"<h3>HELM OHNE FACEMASK</h3>
<h4>Riddell 360 – High-Tech für maximalen Schutz</h4>
<p>American Football ist kein Sport für Weicheier, das wissen wir alle. Harte Tackles und kraftvolle Blocks lösen nicht nur bei den Zuschauern Begeisterung aus. Auch dir verleiht der Kontakt ein berauschendes Gefühl von Lebendigkeit. Doch dort wo Körper mit voller Wucht aufeinanderprallen sollte auch an Sicherheit gedacht werden. Und vor allem in diesem Bereich setzt der Riddell 360 neue Maßstäbe.</p>
<p>Wie der Name bereits andeutet, bietet der Riddell 360 durch einige neue Features einen rundum verbesserten Schutz. Zunächst ist die Schale etwas größer als bei älteren Helmen, wodurch eine stärkere Innenpolsterung verarbeitet wurde, ohne aber dabei das Gesamtgewicht zu erhöhen. Das angepasste Schalendesign sorgt vor allem für einen erhöhten Schutz der Seitenpartie. Weiterhin verfügt der in 2011 neu erschiene Helm auch über eine verbesserte Technologie gegen frontalen Kontakt. Denn das Flex-Impact-System des Gesichtsgitterns verteilt die Energie strategisch und verringert dadurch die Wucht des Aufpralls. Abschließend bietet der Riddell 360 vor allem an deinem Hinterkopf eine bessere Sitz und Anpassung der Innenpolsterung. Die hier eingesetzte neue Wabenstruktur des Stoffbezugs verbessert zudem zusätzlich den Tragekomfort.</p>
<p>Wenn du in Sachen Sicherheit –vor allem wenn es wortwörtlich um deinen Kopf geht- keine Kompromisse eingehen willst, ist der Riddell 360 die richtige Wahl. Der Top-Performer unter den Helmen punktet mit einem optimalen Tragekomfort und bietet rundum den höchsten Schutz, den der Markt aktuell zu bieten hat.</p>",Riddell,Helme,"",true,Color,schwarz,Size,M,,,"",0,"",1,deny,manual,349.85,,true,true,,http://cdn.shopify.com/s/files/1/0240/1531/products/Riddell_360.png?v=1381427190,
riddell-360,,,,,,,Color,schwarz,Size,L,,,"",0,"",1,deny,manual,349.85,,true,true,,http://cdn.shopify.com/s/files/1/0240/1531/products/riddell-360-adult-front_11.png?v=1381427189,
riddell-360,,,,,,,Color,schwarz,Size,XL,,,"",0,"",1,deny,manual,374.85,,true,true,,http://cdn.shopify.com/s/files/1/0240/1531/products/riddell-360-adult-side_11.png?v=1381427185,
riddell-360,,,,,,,Color,weiß,Size,M,,,"",0,"",1,deny,manual,349.85,,true,true,,http://cdn.shopify.com/s/files/1/0240/1531/products/riddell-360-adult-back_11.png?v=1381427174,
riddell-360,,,,,,,Color,weiß,Size,L,,,"",0,"",1,deny,manual,349.85,,true,true,,http://cdn.shopify.com/s/files/1/0240/1531/products/riddell-360-adult-inside_5.png?v=1381427189,
riddell-360,,,,,,,Color,weiß,Size,XL,,,"",0,"",1,deny,manual,374.85,,true,true,,,
riddell-360,,,,,,,Color,silber,Size,M,,,"",0,"",1,deny,manual,349.85,,true,true,,,
riddell-360,,,,,,,Color,silber,Size,L,,,"",0,"",1,deny,manual,349.85,,true,true,,,
riddell-360,,,,,,,Color,silber,Size,XL,,,"",0,"",1,deny,manual,374.85,,true,true,,,
riddell-360,,,,,,,Color,gold,Size,M,,,"",0,"",1,deny,manual,349.85,,true,true,,,
riddell-360,,,,,,,Color,gold,Size,L,,,"",0,"",1,deny,manual,349.85,,true,true,,,
riddell-360,,,,,,,Color,gold,Size,XL,,,"",0,"",1,deny,manual,374.85,,true,true,,,
riddell-360,,,,,,,Color,navy-blau,Size,M,,,"",0,"",1,deny,manual,349.85,,true,true,,,
riddell-360,,,,,,,Color,navy-blau,Size,L,,,"",0,"",1,deny,manual,349.85,,true,true,,,
riddell-360,,,,,,,Color,navy-blau,Size,XL,,,"",0,"",1,deny,manual,374.85,,true,true,,,
riddell-360,,,,,,,Color,royal-blau,Size,M,,,"",0,"",1,deny,manual,349.85,,true,true,,,
riddell-360,,,,,,,Color,royal-blau,Size,L,,,"",0,"",1,deny,manual,349.85,,true,true,,,
riddell-360,,,,,,,Color,royal-blau,Size,XL,,,"",0,"",1,deny,manual,374.85,,true,true,,,
riddell-360,,,,,,,Color,rot,Size,M,,,"",0,"",1,deny,manual,349.85,,true,true,,,
riddell-360,,,,,,,Color,rot,Size,L,,,"",0,"",1,deny,manual,349.85,,true,true,,,
riddell-360,,,,,,,Color,rot,Size,XL,,,"",0,"",1,deny,manual,374.85,,true,true,,,
riddell-360,,,,,,,Color,grün,Size,M,,,"",0,"",1,deny,manual,349.85,,true,true,,,
riddell-360,,,,,,,Color,grün,Size,L,,,"",0,"",1,deny,manual,349.85,,true,true,,,
riddell-360,,,,,,,Color,grün,Size,XL,,,"",0,"",1,deny,manual,374.85,,true,true,,,
riddell-360,,,,,,,Color,gelb,Size,M,,,"",0,"",1,deny,manual,349.85,,true,true,,,
riddell-360,,,,,,,Color,gelb,Size,L,,,"",0,"",1,deny,manual,349.85,,true,true,,,
riddell-360,,,,,,,Color,gelb,Size,XL,,,"",0,"",1,deny,manual,374.85,,true,true,,,
360-2bd-lw,360-2BD LW,"",Riddell,Zubehör Helme,"",true,Color,schwarz,,,,,"",0,,1,deny,manual,39.85,,true,true,,http://cdn.shopify.com/s/files/1/0240/1531/products/360-2BD_LW_vorne.jpg?v=1384993123,
360-2bd-lw,,,,,,,Color,weiß,,,,,"",0,"",1,deny,manual,39.85,,true,true,,http://cdn.shopify.com/s/files/1/0240/1531/products/360-2BD_LW_Seite.jpg?v=1384993123,
360-2bd-lw,,,,,,,Color,rot,,,,,"",0,"",1,deny,manual,39.85,,true,true,,,
360-2bd-lw,,,,,,,Color,navy-blau,,,,,"",0,"",1,deny,manual,39.85,,true,true,,,
360-2bd-lw,,,,,,,Color,grün,,,,,"",0,"",1,deny,manual,39.85,,true,true,,,
360-2bd-lw,,,,,,,Color,gelb,,,,,"",0,"",1,deny,manual,39.85,,true,true,,,
360-2bd-lw,,,,,,,Color,lila,,,,,"",0,"",1,deny,manual,39.85,,true,true,,,
360-2bdc-lw,360-2BDC LW,"",Riddell,Zubehör Helme,"",true,Color,schwarz,,,,,"",0,,1,deny,manual,39.85,,true,true,,http://cdn.shopify.com/s/files/1/0240/1531/products/360-2BDC_LW_vorne.jpg?v=1384993005,
360-2bdc-lw,,,,,,,Color,weiß,,,,,"",0,"",1,deny,manual,39.85,,true,true,,http://cdn.shopify.com/s/files/1/0240/1531/products/360-2BDC_LW_Seite.jpg?v=1384993005,
360-2bdc-lw,,,,,,,Color,rot,,,,,"",0,"",1,deny,manual,39.85,,true,true,,,
360-2bdc-lw,,,,,,,Color,navy-blau,,,,,"",0,"",1,deny,manual,39.85,,true,true,,,
360-2bdc-lw,,,,,,,Color,grün,,,,,"",0,"",1,deny,manual,39.85,,true,true,,,
360-2bdc-lw,,,,,,,Color,gelb,,,,,"",0,"",1,deny,manual,39.85,,true,true,,,
360-2bdc-lw,,,,,,,Color,lila,,,,,"",0,"",1,deny,manual,39.85,,true,true,,,
360-2bdc-sp,360-2EG LW,"",Riddell,Zubehör Helme,"",true,Color,schwarz,,,,,"",0,,1,deny,manual,39.85,,true,true,,http://cdn.shopify.com/s/files/1/0240/1531/products/360-2EG_LW_vorne.jpg?v=1384992573,
360-2bdc-sp,,,,,,,Color,weiß,,,,,"",0,"",1,deny,manual,39.85,,true,true,,http://cdn.shopify.com/s/files/1/0240/1531/products/360-2EG_LW_Seite.jpg?v=1384992572,
360-2bdc-sp,,,,,,,Color,rot,,,,,"",0,"",1,deny,manual,39.85,,true,true,,,
360-2bdc-sp,,,,,,,Color,navy-blau,,,,,"",0,"",1,deny,manual,39.85,,true,true,,,
360-2bdc-sp,,,,,,,Color,grün,,,,,"",0,"",1,deny,manual,39.85,,true,true,,,
360-2bdc-sp,,,,,,,Color,gelb,,,,,"",0,"",1,deny,manual,39.85,,true,true,,,
360-2bdc-sp,,,,,,,Color,lila,,,,,"",0,"",1,deny,manual,39.85,,true,true,,,
360-3bd-lw,360-3BD LW,"",Riddell,Zubehör Helme,"",true,Color,schwarz,,,,,"",0,,1,deny,manual,39.85,,true,true,,http://cdn.shopify.com/s/files/1/0240/1531/products/360-3BD_LW_vorne.jpg?v=1384993159,
360-3bd-lw,,,,,,,Color,weiß,,,,,"",0,"",1,deny,manual,39.85,,true,true,,http://cdn.shopify.com/s/files/1/0240/1531/products/360-3BD_LW_Seite.jpg?v=1384993159,
360-3bd-lw,,,,,,,Color,rot,,,,,"",0,"",1,deny,manual,39.85,,true,true,,,
360-3bd-lw,,,,,,,Color,navy-blau,,,,,"",0,"",1,deny,manual,39.85,,true,true,,,
360-3bd-lw,,,,,,,Color,grün,,,,,"",0,"",1,deny,manual,39.85,,true,true,,,
360-3bd-lw,,,,,,,Color,gelb,,,,,"",0,"",1,deny,manual,39.85,,true,true,,,
360-3bd-lw,,,,,,,Color,lila,,,,,"",0,"",1,deny,manual,39.85,,true,true,,,
riddell-evolution-ev15-qb-wr-db,Evolution EV15 QB/WR/DB,"<p>Du suchst nach soliden Schulterpolstern für einen minimalen Preis? Mit dem Riddell Evolution hast du es gefunden. Die verwendeten Komponenten haben sich über Jahre hinweg bewährt und bieten dir auf dem Spielfeld eine rundum zuverlässige Leistung.</p>
<p><br />In deinen Schulterpolstern willst du dich vor allem gut bewegen können und trotzdem ausreichend für den Kontakt geschützt sein. Durch die breiten Gurte ist ein ordentlicher Sitz des Riddell Evolution gesichert. Das Flat Pad Design gibt dir einige Bewegungsfreiheit und verleiht dir gleichzeitig einen athletischen Look. Die feste Schale und die speziellen Luftkammern im Polster verteilen die Wucht des Aufpralls strategisch über den gesamten Oberkörper.</p>",Riddell,Pads,"",true,Size,S,,,,,"",0,,1,deny,manual,174.85,,true,true,,http://cdn.shopify.com/s/files/1/0240/1531/products/evolution-ev15-front_4.png?v=1381428393,
riddell-evolution-ev15-qb-wr-db,,,,,,,Size,M,,,,,"",0,"",1,deny,manual,174.85,,true,true,,http://cdn.shopify.com/s/files/1/0240/1531/products/evolution-ev15-back_4.png?v=1381428393,
riddell-evolution-ev15-qb-wr-db,,,,,,,Size,L,,,,,"",0,"",1,deny,manual,174.85,,true,true,,,
riddell-evolution-ev15-qb-wr-db,,,,,,,Size,XL,,,,,"",0,"",1,deny,manual,174.85,,true,true,,,
riddell-evolution-ev48-rb-lb,Evolution EV48 RB/LB,"<p>Du suchst nach soliden Schulterpolstern für einen minimalen Preis? Mit dem Riddell Evolution hast du es gefunden. Die verwendeten Komponenten haben sich über Jahre hinweg bewährt und bieten dir auf dem Spielfeld eine rundum zuverlässige Leistung.</p>
<p><br />In deinen Schulterpolstern willst du dich vor allem gut bewegen können und trotzdem ausreichend für den Kontakt geschützt sein. Durch die breiten Gurte ist ein ordentlicher Sitz des Riddell Evolution gesichert. Das Flat Pad Design gibt dir einige Bewegungsfreiheit und verleiht dir gleichzeitig einen athletischen Look. Die feste Schale und die speziellen Luftkammern im Polster verteilen die Wucht des Aufpralls strategisch über den gesamten Oberkörper.</p>",Riddell,Pads,"",true,Size,M,,,,,"",0,,1,deny,manual,174.85,,true,true,,http://cdn.shopify.com/s/files/1/0240/1531/products/evolution-ev48-front_4.png?v=1381428510,
riddell-evolution-ev48-rb-lb,,,,,,,Size,L,,,,,"",0,"",1,deny,manual,174.85,,true,true,,http://cdn.shopify.com/s/files/1/0240/1531/products/evolution-ev65-back_4.png?v=1381428510,
riddell-evolution-ev48-rb-lb,,,,,,,Size,XL,,,,,"",0,"",1,deny,manual,174.85,,true,true,,,
riddell-evolution-ev48-rb-lb,,,,,,,Size,XXL,,,,,"",0,"",1,deny,manual,174.85,,true,true,,,
riddell-evolution-ev65-ol-dl,Evolution EV65 OL/DL,"<p>Du suchst nach soliden Schulterpolstern für einen minimalen Preis? Mit dem Riddell Evolution hast du es gefunden. Die verwendeten Komponenten haben sich über Jahre hinweg bewährt und bieten dir auf dem Spielfeld eine rundum zuverlässige Leistung.</p>
<p><br />In deinen Schulterpolstern willst du dich vor allem gut bewegen können und trotzdem ausreichend für den Kontakt geschützt sein. Durch die breiten Gurte ist ein ordentlicher Sitz des Riddell Evolution gesichert. Das Flat Pad Design gibt dir einige Bewegungsfreiheit und verleiht dir gleichzeitig einen athletischen Look. Die feste Schale und die speziellen Luftkammern im Polster verteilen die Wucht des Aufpralls strategisch über den gesamten Oberkörper.</p>",Riddell,Pads,"",true,Size,M,,,,,"",0,,1,deny,manual,174.85,,true,true,,http://cdn.shopify.com/s/files/1/0240/1531/products/evolution-ev65-front_4.png?v=1381428583,
riddell-evolution-ev65-ol-dl,,,,,,,Size,L,,,,,"",0,"",1,deny,manual,174.85,,true,true,,http://cdn.shopify.com/s/files/1/0240/1531/products/evolution-ev65-back_4_d2f5b223-475e-4fb4-82f1-70ababd0da96.png?v=1381428583,
riddell-evolution-ev65-ol-dl,,,,,,,Size,XL,,,,,"",0,"",1,deny,manual,174.85,,true,true,,,
riddell-evolution-ev65-ol-dl,,,,,,,Size,XXL,,,,,"",0,"",1,deny,manual,174.85,,true,true,,,
riddell-evolution-ev65-ol-dl,,,,,,,Size,XXXL,,,,,"",0,"",1,deny,manual,174.85,,true,true,,,
eyeshield-klar,Eyeshield klar,"",Under Armour,Zubehör Helme,"",true,Title,Default Title,,,,,"",0,,1,deny,manual,69.85,,true,true,,http://cdn.shopify.com/s/files/1/0240/1531/products/UA-Football_Eyeshield.jpg?v=1384996794,
filthy-speed-fly-low,Filthy Speed Fly Low,"",Adidas,Schuhe,"",true,Size,6.5,,,,,"",0,,1,deny,manual,89.85,,true,true,,http://cdn.shopify.com/s/files/1/0240/1531/products/adidas-Filthy-Speed-Fly-Low.jpg?v=1384879237,
filthy-speed-fly-low,,,,,,,Size,7.0,,,,,"",0,"",1,deny,manual,89.85,,true,true,,,
filthy-speed-fly-low,,,,,,,Size,7.5,,,,,"",0,"",1,deny,manual,89.85,,true,true,,,
filthy-speed-fly-low,,,,,,,Size,8.0,,,,,"",0,"",1,deny,manual,89.85,,true,true,,,
filthy-speed-fly-low,,,,,,,Size,8.5,,,,,"",0,"",1,deny,manual,89.85,,true,true,,,
filthy-speed-fly-low,,,,,,,Size,9.0,,,,,"",0,"",1,deny,manual,89.85,,true,true,,,
filthy-speed-fly-low,,,,,,,Size,9.5,,,,,"",0,"",1,deny,manual,89.85,,true,true,,,
filthy-speed-fly-low,,,,,,,Size,10.0,,,,,"",0,"",1,deny,manual,89.85,,true,true,,,
filthy-speed-fly-low,,,,,,,Size,10.5,,,,,"",0,"",1,deny,manual,89.85,,true,true,,,
filthy-speed-fly-low,,,,,,,Size,11.0,,,,,"",0,"",1,deny,manual,89.85,,true,true,,,
filthy-speed-fly-low,,,,,,,Size,11.5,,,,,"",0,"",1,deny,manual,89.85,,true,true,,,
filthy-speed-fly-low,,,,,,,Size,12.0,,,,,"",0,"",1,deny,manual,89.85,,true,true,,,
filthy-speed-fly-low,,,,,,,Size,12.5,,,,,"",0,"",1,deny,manual,89.85,,true,true,,,
filthy-speed-fly-low,,,,,,,Size,13.0,,,,,"",0,"",1,deny,manual,89.85,,true,true,,,
filthy-speed-fly-low,,,,,,,Size,13.5,,,,,"",0,"",1,deny,manual,89.85,,true,true,,,
filthy-speed-fly-low,,,,,,,Size,14.0,,,,,"",0,"",1,deny,manual,89.85,,true,true,,,
360-hard-cup,Hard Cup high,"",Riddell,Zubehör Helme,"",true,Size,S,Color,schwarz,,,"",0,,1,deny,manual,14.85,,true,true,,http://cdn.shopify.com/s/files/1/0240/1531/products/HardCup.jpg?v=1384995995,
360-hard-cup,,,,,,,Size,M,Color,schwarz,,,"",0,"",1,deny,manual,14.85,,true,true,,,
360-hard-cup,,,,,,,Size,L,Color,schwarz,,,"",0,"",1,deny,manual,14.85,,true,true,,,
360-hard-cup,,,,,,,Size,S,Color,weiß,,,"",0,,1,deny,manual,14.85,,true,true,,,
360-hard-cup,,,,,,,Size,M,Color,weiß,,,"",0,"",1,deny,manual,14.85,,true,true,,,
360-hard-cup,,,,,,,Size,L,Color,weiß,,,"",0,"",1,deny,manual,14.85,,true,true,,,
hard-cup-low,Hard Cup low,"",Riddell,Zubehör Helme,"",true,Size,S,Color,schwarz,,,"",0,,1,deny,manual,14.85,,true,true,,http://cdn.shopify.com/s/files/1/0240/1531/products/HardCup_low.jpg?v=1384996611,
hard-cup-low,,,,,,,Size,M,Color,schwarz,,,"",0,"",1,deny,manual,14.85,,true,true,,,
hard-cup-low,,,,,,,Size,L,Color,schwarz,,,"",0,"",1,deny,manual,14.85,,true,true,,,
hard-cup-low,,,,,,,Size,S,Color,weiß,,,"",0,,1,deny,manual,14.85,,true,true,,,
hard-cup-low,,,,,,,Size,M,Color,weiß,,,"",0,"",1,deny,manual,14.85,,true,true,,,
hard-cup-low,,,,,,,Size,L,Color,weiß,,,"",0,"",1,deny,manual,14.85,,true,true,,,
nike-hyperbeast-2-0,Hyperbeast 2.0,"",Nike,Hands,"",true,Size,M,Color,schwarz,,,"",0,,1,deny,manual,74.85,,true,true,,http://cdn.shopify.com/s/files/1/0240/1531/products/schwarz_cf513aa2-9146-46ea-a2f2-374bd4b4c210.png?v=1381436076,
nike-hyperbeast-2-0,,,,,,,,,,,,,,,,,,,,,,,,http://cdn.shopify.com/s/files/1/0240/1531/products/schwarz_2.png?v=1381436076,
rawlings-impulse,Impulse,"<p>Ein Footballhelm soll für dich in erster Linie einen wichtigen Zweck erfüllen, nämlich deinen Kopf gegen jeglichen Aufprall zu schützen. Daher solltest du beim Kauf, auch wenn du vor allem auf den Preis schaust, in Sachen Schutz nicht sparen. Erst wenn du dich darin auf deinen Helm verlassen kannst, kannst du dich voll auf den Spielzug konzentrieren und in den entscheidenden Momenten bis an die Grenzen gehen.</p>
<p><br />Mit dem Rawlings Impulse findest du hier einen Helm, der sich gekonnt auf das Wesentliche konzentriert. Denn trotz seines hervorragenden Preises reiht sich der Rawlings Impulse in Sicherheitstests nur knapp unter den Stars der Branche ein. Die eingesparten Kosten spürst du dafür beispielsweise beim Tragekomfort. Ohne Stoffüberzug ausgestattet, kann der Rawlings Impulse bei geringen Temperaturen in den ersten Minuten etwas drücken. Auch das Gewicht, die Belüftung und der Style des Rawlings Impulse sind im Vergleich zu den fortschrittlichsten Footballhelmen kein Verkaufsargument.</p>
<p><br />Mit dem Rawling Impulse setzt du also auf ein solides Modell, das dir die nötige Leistung liefert, die du von einem Helm erwarten solltest. Das Modell enthält zwar nicht alle Features die der Markt zu bieten hat, dafür bekommst du aber einen guten Footballhelm, bei dem du gerade in Sachen Sicherheit kaum Abstriche hinnehmen musst. Und das für einen unschlagbar günstigen Preis.</p>
<p> </p>
<br />
<p>Fitting Video: http://www.youtube.com/watch?v=jMEQPGJIrTk</p>",Rawlings,Helme,"",true,Color,schwarz,Size,S,,,"",0,,1,deny,manual,159.85,,true,true,,http://cdn.shopify.com/s/files/1/0240/1531/products/Rawlings_Impulse_3_4.png?v=1384460232,
rawlings-impulse,,,,,,,Color,schwarz,Size,L,,,"",0,,1,deny,manual,159.85,,true,true,,http://cdn.shopify.com/s/files/1/0240/1531/products/Rawlings_Impulse_Dunkelgrun.jpg?v=1384460215,
rawlings-impulse,,,,,,,Color,schwarz,Size,M,,,"",0,,1,deny,manual,159.85,,true,true,,http://cdn.shopify.com/s/files/1/0240/1531/products/Rawlings_Impulse_Front.png?v=1384460215,
rawlings-impulse,,,,,,,Color,schwarz,Size,XL,,,"",0,,1,deny,manual,179.85,,true,true,,http://cdn.shopify.com/s/files/1/0240/1531/products/Rawlings_Impulse_Back_3_4.png?v=1384460215,
rawlings-impulse,,,,,,,Color,weiß,Size,S,,,"",0,"",1,deny,manual,159.85,,true,true,,http://cdn.shopify.com/s/files/1/0240/1531/products/Rawlings_Impulse_Back.png?v=1384460215,
rawlings-impulse,,,,,,,Color,weiß,Size,L,,,"",0,"",1,deny,manual,159.85,,true,true,,,
rawlings-impulse,,,,,,,Color,weiß,Size,M,,,"",0,"",1,deny,manual,159.85,,true,true,,,
rawlings-impulse,,,,,,,Color,weiß,Size,XL,,,"",0,"",1,deny,manual,179.85,,true,true,,,
rawlings-impulse,,,,,,,Color,silber,Size,S,,,"",0,"",1,deny,manual,159.85,,true,true,,,
rawlings-impulse,,,,,,,Color,silber,Size,L,,,"",0,"",1,deny,manual,159.85,,true,true,,,
rawlings-impulse,,,,,,,Color,silber,Size,M,,,"",0,"",1,deny,manual,159.85,,true,true,,,
rawlings-impulse,,,,,,,Color,silber,Size,XL,,,"",0,"",1,deny,manual,179.85,,true,true,,,
rawlings-impulse,,,,,,,Color,gold,Size,S,,,"",0,"",1,deny,manual,159.85,,true,true,,,
rawlings-impulse,,,,,,,Color,gold,Size,L,,,"",0,"",1,deny,manual,159.85,,true,true,,,
rawlings-impulse,,,,,,,Color,gold,Size,M,,,"",0,"",1,deny,manual,159.85,,true,true,,,
rawlings-impulse,,,,,,,Color,gold,Size,XL,,,"",0,"",1,deny,manual,179.85,,true,true,,,
rawlings-impulse,,,,,,,Color,navy-blau,Size,S,,,"",0,"",1,deny,manual,159.85,,true,true,,,
rawlings-impulse,,,,,,,Color,navy-blau,Size,L,,,"",0,"",1,deny,manual,159.85,,true,true,,,
rawlings-impulse,,,,,,,Color,navy-blau,Size,M,,,"",0,"",1,deny,manual,159.85,,true,true,,,
rawlings-impulse,,,,,,,Color,navy-blau,Size,XL,,,"",0,"",1,deny,manual,179.85,,true,true,,,
rawlings-impulse,,,,,,,Color,royal-blau,Size,S,,,"",0,"",1,deny,manual,159.85,,true,true,,,
rawlings-impulse,,,,,,,Color,royal-blau,Size,L,,,"",0,"",1,deny,manual,159.85,,true,true,,,
rawlings-impulse,,,,,,,Color,royal-blau,Size,M,,,"",0,"",1,deny,manual,159.85,,true,true,,,
rawlings-impulse,,,,,,,Color,royal-blau,Size,XL,,,"",0,"",1,deny,manual,179.85,,true,true,,,
rawlings-impulse,,,,,,,Color,rot,Size,S,,,"",0,"",1,deny,manual,159.85,,true,true,,,
rawlings-impulse,,,,,,,Color,rot,Size,L,,,"",0,"",1,deny,manual,159.85,,true,true,,,
rawlings-impulse,,,,,,,Color,rot,Size,M,,,"",0,"",1,deny,manual,159.85,,true,true,,,
rawlings-impulse,,,,,,,Color,rot,Size,XL,,,"",0,"",1,deny,manual,179.85,,true,true,,,
rawlings-impulse,,,,,,,Color,grün,Size,S,,,"",0,"",1,deny,manual,159.85,,true,true,,,
rawlings-impulse,,,,,,,Color,grün,Size,L,,,"",0,"",1,deny,manual,159.85,,true,true,,,
rawlings-impulse,,,,,,,Color,grün,Size,M,,,"",0,"",1,deny,manual,159.85,,true,true,,,
rawlings-impulse,,,,,,,Color,grün,Size,XL,,,"",0,"",1,deny,manual,179.85,,true,true,,,
rawlings-impulse,,,,,,,Color,gelb,Size,S,,,"",0,"",1,deny,manual,159.85,,true,true,,,
rawlings-impulse,,,,,,,Color,gelb,Size,L,,,"",0,"",1,deny,manual,159.85,,true,true,,,
rawlings-impulse,,,,,,,Color,gelb,Size,M,,,"",0,"",1,deny,manual,159.85,,true,true,,,
rawlings-impulse,,,,,,,Color,gelb,Size,XL,,,"",0,"",1,deny,manual,179.85,,true,true,,,
nitro-iii-low,Nitro III Low,"",Under Armour,Schuhe,"",true,Size,6.5,,,,,"",0,,1,deny,manual,69.85,,true,true,,http://cdn.shopify.com/s/files/1/0240/1531/products/51580003-ua-nitroiiilow.jpg?v=1384879309,
nitro-iii-low,,,,,,,Size,7.0,,,,,"",0,"",1,deny,manual,69.85,,true,true,,,
nitro-iii-low,,,,,,,Size,7.5,,,,,"",0,"",1,deny,manual,69.85,,true,true,,,
nitro-iii-low,,,,,,,Size,8.0,,,,,"",0,"",1,deny,manual,69.85,,true,true,,,
nitro-iii-low,,,,,,,Size,8.5,,,,,"",0,"",1,deny,manual,69.85,,true,true,,,
nitro-iii-low,,,,,,,Size,9.0,,,,,"",0,"",1,deny,manual,69.85,,true,true,,,
nitro-iii-low,,,,,,,Size,9.5,,,,,"",0,"",1,deny,manual,69.85,,true,true,,,
nitro-iii-low,,,,,,,Size,10.0,,,,,"",0,"",1,deny,manual,69.85,,true,true,,,
nitro-iii-low,,,,,,,Size,10.5,,,,,"",0,"",1,deny,manual,69.85,,true,true,,,
nitro-iii-low,,,,,,,Size,11.0,,,,,"",0,"",1,deny,manual,69.85,,true,true,,,
nitro-iii-low,,,,,,,Size,11.5,,,,,"",0,"",1,deny,manual,69.85,,true,true,,,
nitro-iii-low,,,,,,,Size,12.0,,,,,"",0,"",1,deny,manual,69.85,,true,true,,,
po3r,PO3R,"",Rawlings,Zubehör Helme,"",true,Title,schwarz,,,,,"",0,,1,deny,manual,29.85,,true,true,,http://cdn.shopify.com/s/files/1/0240/1531/products/P03R.jpg?v=1384995142,
po3r,,,,,,,Title,weiß,,,,,"",0,"",1,deny,manual,29.85,,true,true,,,
po3r,,,,,,,Title,rot,,,,,"",0,"",1,deny,manual,29.85,,true,true,,,
po3r,,,,,,,Title,navy-blau,,,,,"",0,"",1,deny,manual,29.85,,true,true,,,
po3r,,,,,,,Title,royal-blau,,,,,"",0,"",1,deny,manual,29.85,,true,true,,,
po3r,,,,,,,Title,gelb,,,,,"",0,"",1,deny,manual,29.85,,true,true,,,
po3r,,,,,,,Title,grün,,,,,"",0,"",1,deny,manual,29.85,,true,true,,,
po3r,,,,,,,Title,lila,,,,,"",0,"",1,deny,manual,29.85,,true,true,,,
po3ru,PO3RU,"",Rawlings,Zubehör Helme,"",true,Title,schwarz,,,,,"",0,,1,deny,manual,29.85,,true,true,,http://cdn.shopify.com/s/files/1/0240/1531/products/P03RU.jpg?v=1384995079,
po3ru,,,,,,,Title,weiß,,,,,"",0,"",1,deny,manual,29.85,,true,true,,,
po3ru,,,,,,,Title,rot,,,,,"",0,"",1,deny,manual,29.85,,true,true,,,
po3ru,,,,,,,Title,navy-blau,,,,,"",0,"",1,deny,manual,29.85,,true,true,,,
po3ru,,,,,,,Title,royal-blau,,,,,"",0,"",1,deny,manual,29.85,,true,true,,,
po3ru,,,,,,,Title,gelb,,,,,"",0,"",1,deny,manual,29.85,,true,true,,,
po3ru,,,,,,,Title,grün,,,,,"",0,"",1,deny,manual,29.85,,true,true,,,
po3ru,,,,,,,Title,lila,,,,,"",0,"",1,deny,manual,29.85,,true,true,,,
power-extreme-back-plate,Power Extreme Back Plate,"",Riddell,Zubehör Pads,"",true,Size,10 3/4,,,,,"",0,"",1,deny,manual,79.85,,true,true,,http://cdn.shopify.com/s/files/1/0240/1531/products/PowerExtremeBackplate.jpg?v=1385061147,
power-extreme-back-plate,,,,,,,Size,11 3/4,,,,,"",0,,1,deny,manual,79.85,,true,true,,,
power-extreme-pro-pads,Power Extreme Pro Pads,"",Riddell,Zubehör Pads,"",true,Size,M,,,,,"",0,,1,deny,manual,139.85,,true,true,,http://cdn.shopify.com/s/files/1/0240/1531/products/Riddell_PowerExtremeProPads.jpg?v=1385060804,
power-extreme-pro-pads,,,,,,,Size,L,,,,,"",0,"",1,deny,manual,139.85,,true,true,,,
power-extreme-pro-pads,,,,,,,Size,XL,,,,,"",0,"",1,deny,manual,139.85,,true,true,,,
riddell-power-spk-lb-fb,Power SPK LB/FB,"<p>Wenn Batmann Footballspieler wäre, würde er definitiv das Riddell SPK tragen. Abgesehen davon, dass sich Bruce Wayne als Mann von Welt nur mit dem Besten zufrieden gibt, lassen sich weitere Parallelen zum Batsuit ziehen. Neben einem offensichtlich beeindruckenden Style, erhält der Träger beider Rüstungen einen optimalen Schutz bei gleichzeitig maximaler Bewegungsfreiheit. Und genau wie der Batsuit ist auch das in 2013 erschienene Riddell SPK mit der führenden Technik ausgestattet.</p>
<p><br />Die speziell geformten Plastikschalen ermöglichen dir vollkommen widerstandsfrei deine Arme vor dem Körper oder über dem Kopf zusammen zu führen. In Kombination mit einer nie da gewesenen Leichtigkeit der gesamten Schulterpolsterung, setzt das Riddell SPK in Sachen Bewegungsfreiheit neue Maßstäbe. Abnehmbare Polster auf der Innenseite der Rüstung ermöglichen dir gezielt den Schulterbereich zusätzlich zu schützen oder deren Sitz zu verbessern. Die übereinander geschichteten Schulterplatten und die abnehmbare Polsterung der vorderen Schulterpartie ergänzen den rundum optimalen Schutz. Sollte dir aber doch einmal etwas passieren, kann mit Hilfe der neue Rip-Kord-Technologie das Riddell SPK, für einen besseren Zugang, leicht von deinem Oberkörper entfernt werden.</p>
<p><br />Das Riddell SPK ist das Neuste und Fortschrittlichste aller Schulterpolstern. Und so erhältst, du durch diesen Leistungsträger in den Bereichen Schutz, Bewegungsfreiheit und Style, das Maximale was der Markt zu bieten hat. So wie Batman brauchst du in dieser mit Features vollgepackten Rüstung keine Superkräfte, um es mit deinen Gegnern in Superhelden-Manier aufzunehmen.</p>",Riddell,Pads,"",true,Size,M,,,,,"",0,"",1,deny,manual,379.85,,true,true,,http://cdn.shopify.com/s/files/1/0240/1531/products/power-spk-lbfb-front_6.png?v=1381427919,
riddell-power-spk-lb-fb,,,,,,,Size,L,,,,,"",0,"",1,deny,manual,379.85,,true,true,,http://cdn.shopify.com/s/files/1/0240/1531/products/power-spk-lbfb-back_6.png?v=1381427919,
riddell-power-spk-lb-fb,,,,,,,Size,XL,,,,,"",0,"",1,deny,manual,379.85,,true,true,,,
riddell-power-spk-lb-fb,,,,,,,Size,XXL,,,,,"",0,"",1,deny,manual,379.85,,true,true,,,
riddell-power-spk-ol-dl,Power SPK OL/DL,"<p>Wenn Batmann Footballspieler wäre, würde er definitiv das Riddell SPK tragen. Abgesehen davon, dass sich Bruce Wayne als Mann von Welt nur mit dem Besten zufrieden gibt, lassen sich weitere Parallelen zum Batsuit ziehen. Neben einem offensichtlich beeindruckenden Style, erhält der Träger beider Rüstungen einen optimalen Schutz bei gleichzeitig maximaler Bewegungsfreiheit. Und genau wie der Batsuit ist auch das in 2013 erschienene Riddell SPK mit der führenden Technik ausgestattet.</p>
<p><br />Die speziell geformten Plastikschalen ermöglichen dir vollkommen widerstandsfrei deine Arme vor dem Körper oder über dem Kopf zusammen zu führen. In Kombination mit einer nie da gewesenen Leichtigkeit der gesamten Schulterpolsterung, setzt das Riddell SPK in Sachen Bewegungsfreiheit neue Maßstäbe. Abnehmbare Polster auf der Innenseite der Rüstung ermöglichen dir gezielt den Schulterbereich zusätzlich zu schützen oder deren Sitz zu verbessern. Die übereinander geschichteten Schulterplatten und die abnehmbare Polsterung der vorderen Schulterpartie ergänzen den rundum optimalen Schutz. Sollte dir aber doch einmal etwas passieren, kann mit Hilfe der neue Rip-Kord-Technologie das Riddell SPK, für einen besseren Zugang, leicht von deinem Oberkörper entfernt werden.</p>
<p><br />Das Riddell SPK ist das Neuste und Fortschrittlichste aller Schulterpolstern. Und so erhältst, du durch diesen Leistungsträger in den Bereichen Schutz, Bewegungsfreiheit und Style, das Maximale was der Markt zu bieten hat. So wie Batman brauchst du in dieser mit Features vollgepackten Rüstung keine Superkräfte, um es mit deinen Gegnern in Superhelden-Manier aufzunehmen.</p>",Riddell,Pads,"",true,Size,M,,,,,"",0,,1,deny,manual,379.85,,true,true,,http://cdn.shopify.com/s/files/1/0240/1531/products/power-spk-oldl-front_6.png?v=1381427996,
riddell-power-spk-ol-dl,,,,,,,Size,L,,,,,"",0,"",1,deny,manual,379.85,,true,true,,http://cdn.shopify.com/s/files/1/0240/1531/products/power-spk-oldl-back_6.png?v=1381427996,
riddell-power-spk-ol-dl,,,,,,,Size,XL,,,,,"",0,"",1,deny,manual,379.85,,true,true,,,
riddell-power-spk-ol-dl,,,,,,,Size,XXL,,,,,"",0,"",1,deny,manual,379.85,,true,true,,,
riddell-power-spk-qb-wr,Power SPK QB/WR,"<p>Wenn Batmann Footballspieler wäre, würde er definitiv das Riddell SPK tragen. Abgesehen davon, dass sich Bruce Wayne als Mann von Welt nur mit dem Besten zufrieden gibt, lassen sich weitere Parallelen zum Batsuit ziehen. Neben einem offensichtlich beeindruckenden Style, erhält der Träger beider Rüstungen einen optimalen Schutz bei gleichzeitig maximaler Bewegungsfreiheit. Und genau wie der Batsuit ist auch das in 2013 erschienene Riddell SPK mit der führenden Technik ausgestattet.</p>
<p><br />Die speziell geformten Plastikschalen ermöglichen dir vollkommen widerstandsfrei deine Arme vor dem Körper oder über dem Kopf zusammen zu führen. In Kombination mit einer nie da gewesenen Leichtigkeit der gesamten Schulterpolsterung, setzt das Riddell SPK in Sachen Bewegungsfreiheit neue Maßstäbe. Abnehmbare Polster auf der Innenseite der Rüstung ermöglichen dir gezielt den Schulterbereich zusätzlich zu schützen oder deren Sitz zu verbessern. Die übereinander geschichteten Schulterplatten und die abnehmbare Polsterung der vorderen Schulterpartie ergänzen den rundum optimalen Schutz. Sollte dir aber doch einmal etwas passieren, kann mit Hilfe der neue Rip-Kord-Technologie das Riddell SPK, für einen besseren Zugang, leicht von deinem Oberkörper entfernt werden.</p>
<p><br />Das Riddell SPK ist das Neuste und Fortschrittlichste aller Schulterpolstern. Und so erhältst, du durch diesen Leistungsträger in den Bereichen Schutz, Bewegungsfreiheit und Style, das Maximale was der Markt zu bieten hat. So wie Batman brauchst du in dieser mit Features vollgepackten Rüstung keine Superkräfte, um es mit deinen Gegnern in Superhelden-Manier aufzunehmen.</p>",Riddell,Pads,"",true,Size,S,,,,,"",0,,1,deny,manual,379.85,,true,true,,http://cdn.shopify.com/s/files/1/0240/1531/products/power-spk-qbwr-front_9.png?v=1381428178,
riddell-power-spk-qb-wr,,,,,,,Size,M,,,,,"",0,"",1,deny,manual,379.85,,true,true,,http://cdn.shopify.com/s/files/1/0240/1531/products/power-spk-qbwr-back_9.png?v=1381428178,
riddell-power-spk-qb-wr,,,,,,,Size,L,,,,,"",0,"",1,deny,manual,379.85,,true,true,,,
riddell-power-spk-qb-wr,,,,,,,Size,XL,,,,,"",0,"",1,deny,manual,379.85,,true,true,,,
riddell-power-spk-rb-db,Power SPK RB/DB,"<p>Wenn Batmann Footballspieler wäre, würde er definitiv das Riddell SPK tragen. Abgesehen davon, dass sich Bruce Wayne als Mann von Welt nur mit dem Besten zufrieden gibt, lassen sich weitere Parallelen zum Batsuit ziehen. Neben einem offensichtlich beeindruckenden Style, erhält der Träger beider Rüstungen einen optimalen Schutz bei gleichzeitig maximaler Bewegungsfreiheit. Und genau wie der Batsuit ist auch das in 2013 erschienene Riddell SPK mit der führenden Technik ausgestattet.</p>
<p><br />Die speziell geformten Plastikschalen ermöglichen dir vollkommen widerstandsfrei deine Arme vor dem Körper oder über dem Kopf zusammen zu führen. In Kombination mit einer nie da gewesenen Leichtigkeit der gesamten Schulterpolsterung, setzt das Riddell SPK in Sachen Bewegungsfreiheit neue Maßstäbe. Abnehmbare Polster auf der Innenseite der Rüstung ermöglichen dir gezielt den Schulterbereich zusätzlich zu schützen oder deren Sitz zu verbessern. Die übereinander geschichteten Schulterplatten und die abnehmbare Polsterung der vorderen Schulterpartie ergänzen den rundum optimalen Schutz. Sollte dir aber doch einmal etwas passieren, kann mit Hilfe der neue Rip-Kord-Technologie das Riddell SPK, für einen besseren Zugang, leicht von deinem Oberkörper entfernt werden.</p>
<p><br />Das Riddell SPK ist das Neuste und Fortschrittlichste aller Schulterpolstern. Und so erhältst, du durch diesen Leistungsträger in den Bereichen Schutz, Bewegungsfreiheit und Style, das Maximale was der Markt zu bieten hat. So wie Batman brauchst du in dieser mit Features vollgepackten Rüstung keine Superkräfte, um es mit deinen Gegnern in Superhelden-Manier aufzunehmen.</p>",Riddell,Pads,"",true,Size,S,,,,,"",0,,1,deny,manual,379.85,,true,true,,http://cdn.shopify.com/s/files/1/0240/1531/products/power-spk-rbdb-front_8.png?v=1381428194,
riddell-power-spk-rb-db,,,,,,,Size,M,,,,,"",0,"",1,deny,manual,379.85,,true,true,,http://cdn.shopify.com/s/files/1/0240/1531/products/power-spk-rbdb-back_6.png?v=1381428194,
riddell-power-spk-rb-db,,,,,,,Size,L,,,,,"",0,"",1,deny,manual,379.85,,true,true,,,
riddell-power-spk-rb-db,,,,,,,Size,XL,,,,,"",0,"",1,deny,manual,379.85,,true,true,,,
powerweb-2-0,Powerweb 2.0,"",Adidas,Hands,"",true,Size,S,Color,schwarz,,,"",0,,1,deny,manual,54.85,,true,true,,http://cdn.shopify.com/s/files/1/0240/1531/products/royal.jpg?v=1384879085,
powerweb-2-0,,,,,,,Size,M,Color,schwarz,,,"",0,"",1,deny,manual,54.85,,true,true,,,
powerweb-2-0,,,,,,,Size,L,Color,schwarz,,,"",0,"",1,deny,manual,54.85,,true,true,,,
powerweb-2-0,,,,,,,Size,XL,Color,schwarz,,,"",0,"",1,deny,manual,49.00,,true,true,,,
powerweb-2-0,,,,,,,Size,XXL,Color,schwarz,,,"",0,"",1,deny,manual,54.85,,true,true,,,
powerweb-2-0,,,,,,,Size,S,Color,rot,,,"",0,,1,deny,manual,54.85,,true,true,,,
powerweb-2-0,,,,,,,Size,M,Color,rot,,,"",0,"",1,deny,manual,54.85,,true,true,,,
powerweb-2-0,,,,,,,Size,L,Color,rot,,,"",0,"",1,deny,manual,54.85,,true,true,,,
powerweb-2-0,,,,,,,Size,XL,Color,rot,,,"",0,"",1,deny,manual,54.85,,true,true,,,
powerweb-2-0,,,,,,,Size,XXL,Color,rot,,,"",0,"",1,deny,manual,54.85,,true,true,,,
powerweb-2-0,,,,,,,Size,S,Color,navy-blau,,,"",0,,1,deny,manual,54.85,,true,true,,,
powerweb-2-0,,,,,,,Size,M,Color,navy-blau,,,"",0,"",1,deny,manual,54.85,,true,true,,,
powerweb-2-0,,,,,,,Size,L,Color,navy-blau,,,"",0,"",1,deny,manual,54.85,,true,true,,,
powerweb-2-0,,,,,,,Size,XL,Color,navy-blau,,,"",0,"",1,deny,manual,54.85,,true,true,,,
powerweb-2-0,,,,,,,Size,XXL,Color,navy-blau,,,"",0,"",1,deny,manual,54.85,,true,true,,,
powerweb-2-0,,,,,,,Size,S,Color,royal-blau,,,"",0,,1,deny,manual,54.85,,true,true,,,
powerweb-2-0,,,,,,,Size,M,Color,royal-blau,,,"",0,"",1,deny,manual,54.85,,true,true,,,
powerweb-2-0,,,,,,,Size,L,Color,royal-blau,,,"",0,"",1,deny,manual,54.85,,true,true,,,
powerweb-2-0,,,,,,,Size,XL,Color,royal-blau,,,"",0,"",1,deny,manual,54.85,,true,true,,,
powerweb-2-0,,,,,,,Size,XXL,Color,royal-blau,,,"",0,"",1,deny,manual,54.85,,true,true,,,
powerweb-2-0,,,,,,,Size,S,Color,grün,,,"",0,,1,deny,manual,54.85,,true,true,,,
powerweb-2-0,,,,,,,Size,M,Color,grün,,,"",0,"",1,deny,manual,54.85,,true,true,,,
powerweb-2-0,,,,,,,Size,L,Color,grün,,,"",0,"",1,deny,manual,54.85,,true,true,,,
powerweb-2-0,,,,,,,Size,XL,Color,grün,,,"",0,"",1,deny,manual,54.85,,true,true,,,
powerweb-2-0,,,,,,,Size,XXL,Color,grün,,,"",0,"",1,deny,manual,54.85,,true,true,,,
riddell-revolution-speed,Revolution Speed,"<p>HELM OHNE FACEMASK</p>
<p> </p>
<p>Riddell Revolution Speed – Weniger Gewicht, mehr Style</p>
<p><br />Der Riddell Revolution Speed kann wohl als der meist getragene Helm im American Football bezeichnet werden. Nicht nur in Deutschland, sondern auch in der NFL schützt und ziert der „Revo Speed“ gleichermaßen die meisten Köpfe –und das nicht ohne Grund. Aufbauend auf seinem älteren Bruder Riddell Revolution bietet dir dieser Helm einige weitere Features. Den Zusatz „Speed“ verdient sich das Modell nämlich durch geringeres Gewicht der Schale und des Facemasks. Weniger ist bekanntlich mehr und so setzt du mit diesem Helm auf ein im Football wohl bekanntes Konzept: Speed kills.</p>
<p><br />Neben dem reduzierten Gewicht sorgt vor allem der integrierte Stoffbezug für ein enormes Plus gegenüber dem älteren Modell. Denn falls du noch nie zuvor einen Helm mit „Overliner“ getragen hast, wird sich dir eine ganz neue Welt an Tragekomfort eröffnen. Zu guter Letzt, aber nicht minder wichtig, gewinnt der Revolution Speed den Style-Award unter den Helmen. Das aggressive und futuristisch anmutende Design lässt dich auf dem Feld nicht nur spielerisch gut aussehen.</p>
<p><br />Der Riddell Revolution Speed ist der Preis-Leistungs-Sieger in der Kategorie Helme. Suchst du also nach dem größten Ertrag für dein Geld, hast du deinen Kandidaten hier gefunden. Durch unschlagbares Design, verbesserten Tragekompfort und reduziertes Gewicht lässt sich der Riddell Revolution Speed mit einer weiteren Footballweisheit abschließend treffend beschreiben: Look good, feel good, play good!</p>",Riddell,Helme,"",true,Color,schwarz,Size,M,,,"",0,,1,deny,manual,289.85,,true,true,,http://cdn.shopify.com/s/files/1/0240/1531/products/Riddell_Revolution_Speed.png?v=1381428260,
riddell-revolution-speed,,,,,,,Color,schwarz,Size,L,,,"",0,,1,deny,manual,289.85,,true,true,,http://cdn.shopify.com/s/files/1/0240/1531/products/riddell-revolution-speed-adult-back_8.png?v=1381428260,
riddell-revolution-speed,,,,,,,Color,schwarz,Size,XL,,,"",0,,1,deny,manual,309.85,,true,true,,http://cdn.shopify.com/s/files/1/0240/1531/products/riddell-revolution-speed-adult-inside_5.png?v=1381428260,
riddell-revolution-speed,,,,,,,Color,weiß,Size,M,,,"",0,,1,deny,manual,289.85,,true,true,,http://cdn.shopify.com/s/files/1/0240/1531/products/riddell-revolution-speed-adult-front_9.png?v=1381428260,
riddell-revolution-speed,,,,,,,Color,weiß,Size,L,,,"",0,,1,deny,manual,289.85,,true,true,,http://cdn.shopify.com/s/files/1/0240/1531/products/riddell-revolution-speed-adult-side_9.png?v=1381428260,
riddell-revolution-speed,,,,,,,Color,weiß,Size,XL,,,"",0,,1,deny,manual,309.85,,true,true,,,
riddell-revolution-speed,,,,,,,Color,silber,Size,M,,,"",0,,1,deny,manual,289.85,,true,true,,,
riddell-revolution-speed,,,,,,,Color,silber,Size,L,,,"",0,,1,deny,manual,289.85,,true,true,,,
riddell-revolution-speed,,,,,,,Color,silber,Size,XL,,,"",0,,1,deny,manual,309.85,,true,true,,,
riddell-revolution-speed,,,,,,,Color,gold,Size,M,,,"",0,,1,deny,manual,289.85,,true,true,,,
riddell-revolution-speed,,,,,,,Color,gold,Size,L,,,"",0,,1,deny,manual,289.85,,true,true,,,
riddell-revolution-speed,,,,,,,Color,gold,Size,XL,,,"",0,,1,deny,manual,309.85,,true,true,,,
riddell-revolution-speed,,,,,,,Color,navy-blau,Size,M,,,"",0,,1,deny,manual,289.85,,true,true,,,
riddell-revolution-speed,,,,,,,Color,navy-blau,Size,L,,,"",0,,1,deny,manual,289.85,,true,true,,,
riddell-revolution-speed,,,,,,,Color,navy-blau,Size,XL,,,"",0,,1,deny,manual,309.85,,true,true,,,
riddell-revolution-speed,,,,,,,Color,royal-blau,Size,M,,,"",0,,1,deny,manual,289.85,,true,true,,,
riddell-revolution-speed,,,,,,,Color,royal-blau,Size,L,,,"",0,,1,deny,manual,289.85,,true,true,,,
riddell-revolution-speed,,,,,,,Color,royal-blau,Size,XL,,,"",0,,1,deny,manual,309.85,,true,true,,,
riddell-revolution-speed,,,,,,,Color,rot,Size,M,,,"",0,,1,deny,manual,289.85,,true,true,,,
riddell-revolution-speed,,,,,,,Color,rot,Size,L,,,"",0,,1,deny,manual,289.85,,true,true,,,
riddell-revolution-speed,,,,,,,Color,rot,Size,XL,,,"",0,,1,deny,manual,309.85,,true,true,,,
riddell-revolution-speed,,,,,,,Color,grün,Size,M,,,"",0,,1,deny,manual,289.85,,true,true,,,
riddell-revolution-speed,,,,,,,Color,grün,Size,L,,,"",0,,1,deny,manual,289.85,,true,true,,,
riddell-revolution-speed,,,,,,,Color,grün,Size,XL,,,"",0,,1,deny,manual,309.85,,true,true,,,
riddell-revolution-speed,,,,,,,Color,gelb,Size,M,,,"",0,,1,deny,manual,289.85,,true,true,,,
riddell-revolution-speed,,,,,,,Color,gelb,Size,L,,,"",0,,1,deny,manual,289.85,,true,true,,,
riddell-revolution-speed,,,,,,,Color,gelb,Size,XL,,,"",0,,1,deny,manual,309.85,,true,true,,,
rib-cage-protector,Rib Cage Protector,"",Riddell,Zubehör Pads,"",true,Size,S,,,,,"",0,"",1,deny,manual,59.85,,true,true,,http://cdn.shopify.com/s/files/1/0240/1531/products/RibCageProtector.jpg?v=1385060992,
rib-cage-protector,,,,,,,Size,M,,,,,"",0,,1,deny,manual,59.85,,true,true,,,
rib-cage-protector,,,,,,,Size,L,,,,,"",0,"",1,deny,manual,59.85,,true,true,,,
s2b,S2B,"",Riddell,Zubehör Helme,"",true,Color,schwarz,,,,,"",0,,1,deny,manual,39.85,,true,true,,http://cdn.shopify.com/s/files/1/0240/1531/products/s2b.png?v=1384993365,
s2b,,,,,,,Color,weiß,,,,,"",0,"",1,deny,manual,39.85,,true,true,,,
s2b,,,,,,,Color,rot,,,,,"",0,"",1,deny,manual,39.85,,true,true,,,
s2b,,,,,,,Color,navy-blau,,,,,"",0,"",1,deny,manual,39.85,,true,true,,,
s2b,,,,,,,Color,royal-blau,,,,,"",0,"",1,deny,manual,39.85,,true,true,,,
s2b,,,,,,,Color,gelb,,,,,"",0,"",1,deny,manual,39.85,,true,true,,,
s2bd,S2BD,"",Riddell,Zubehör Helme,"",true,Color,schwarz,,,,,"",0,,1,deny,manual,39.85,,true,true,,http://cdn.shopify.com/s/files/1/0240/1531/products/s2bd.png?v=1384993450,
s2bd,,,,,,,Color,weiß,,,,,"",0,"",1,deny,manual,39.85,,true,true,,,
s2bd,,,,,,,Color,rot,,,,,"",0,"",1,deny,manual,39.85,,true,true,,,
s2bd,,,,,,,Color,navy-blau,,,,,"",0,"",1,deny,manual,39.85,,true,true,,,
s2bd,,,,,,,Color,royal-blau,,,,,"",0,"",1,deny,manual,39.85,,true,true,,,
s2bd,,,,,,,Color,gelb,,,,,"",0,"",1,deny,manual,39.85,,true,true,,,
s2bdc,S2BDC,"",Riddell,Zubehör Helme,"",true,Color,schwarz,,,,,"",0,,1,deny,manual,39.85,,true,true,,http://cdn.shopify.com/s/files/1/0240/1531/products/s2bdc.png?v=1384993611,
s2bdc,,,,,,,Color,weiß,,,,,"",0,"",1,deny,manual,39.85,,true,true,,,
s2bdc,,,,,,,Color,rot,,,,,"",0,"",1,deny,manual,39.85,,true,true,,,
s2bdc,,,,,,,Color,navy-blau,,,,,"",0,"",1,deny,manual,39.85,,true,true,,,
s2bdc,,,,,,,Color,royal-blau,,,,,"",0,"",1,deny,manual,39.85,,true,true,,,
s2bdc,,,,,,,Color,gelb,,,,,"",0,"",1,deny,manual,39.85,,true,true,,,
s2bdc,,,,,,,Color,grün,,,,,"",0,"",1,deny,manual,39.85,,true,true,,,
s2bdc,,,,,,,Color,lila,,,,,"",0,"",1,deny,manual,39.85,,true,true,,,
s2eg,S2EG,"",Riddell,Zubehör Helme,"",true,Color,schwarz,,,,,"",0,,1,deny,manual,39.85,,true,true,,http://cdn.shopify.com/s/files/1/0240/1531/products/S2EG.jpg?v=1384994422,
s2eg,,,,,,,Color,weiß,,,,,"",0,"",1,deny,manual,39.85,,true,true,,,
s2eg,,,,,,,Color,rot,,,,,"",0,"",1,deny,manual,39.85,,true,true,,,
s2eg,,,,,,,Color,navy-blau,,,,,"",0,"",1,deny,manual,39.85,,true,true,,,
s2eg,,,,,,,Color,royal-blau,,,,,"",0,"",1,deny,manual,39.85,,true,true,,,
s2eg,,,,,,,Color,gelb,,,,,"",0,"",1,deny,manual,39.00,,true,true,,,
s2eg,,,,,,,Color,grün,,,,,"",0,"",1,deny,manual,39.85,,true,true,,,
s2eg,,,,,,,Color,lila,,,,,"",0,"",1,deny,manual,39.85,,true,true,,,
copy-of-s3bd,S3BD,"",Riddell,Zubehör Helme,"",true,Color,schwarz,,,,,"",0,,1,deny,manual,39.85,,true,true,,http://cdn.shopify.com/s/files/1/0240/1531/products/s3bd.png?v=1384994344,
copy-of-s3bd,,,,,,,Color,weiß,,,,,"",0,"",1,deny,manual,39.85,,true,true,,,
copy-of-s3bd,,,,,,,Color,rot,,,,,"",0,"",1,deny,manual,39.85,,true,true,,,
copy-of-s3bd,,,,,,,Color,navy-blau,,,,,"",0,"",1,deny,manual,39.85,,true,true,,,
copy-of-s3bd,,,,,,,Color,royal-blau,,,,,"",0,"",1,deny,manual,39.85,,true,true,,,
copy-of-s3bd,,,,,,,Color,gelb,,,,,"",0,"",1,deny,manual,39.85,,true,true,,,
copy-of-s3bd,,,,,,,Color,grün,,,,,"",0,"",1,deny,manual,39.85,,true,true,,,
s3bdu,S3BDU,"",Riddell,Zubehör Helme,"",true,Color,schwarz,,,,,"",0,,1,deny,manual,39.85,,true,true,,http://cdn.shopify.com/s/files/1/0240/1531/products/s3bdu.jpg?v=1384994035,
s3bdu,,,,,,,Color,weiß,,,,,"",0,"",1,deny,manual,39.85,,true,true,,,
s3bdu,,,,,,,Color,rot,,,,,"",0,"",1,deny,manual,39.85,,true,true,,,
s3bdu,,,,,,,Color,navy-blau,,,,,"",0,"",1,deny,manual,39.85,,true,true,,,
s3bdu,,,,,,,Color,royal-blau,,,,,"",0,"",1,deny,manual,39.85,,true,true,,,
s3bdu,,,,,,,Color,gelb,,,,,"",0,"",1,deny,manual,39.85,,true,true,,,
s3bdu,,,,,,,Color,grün,,,,,"",0,"",1,deny,manual,39.85,,true,true,,,
cutters-s60-shockskin-gamer,S60 ShockSkin Gamer,"",Cutters,Hands,"",true,Size,S,Color,schwarz,,,"",0,,1,deny,manual,54.85,,true,true,,http://cdn.shopify.com/s/files/1/0240/1531/products/royal_c0e0be82-7cbb-4571-a6be-6ceb14028acd.png?v=1381437381,
cutters-s60-shockskin-gamer,,,,,,,Size,M,Color,schwarz,,,"",0,"",1,deny,manual,54.85,,true,true,,http://cdn.shopify.com/s/files/1/0240/1531/products/navy_6a9ddd5f-a02a-4ae4-8e81-8e9fbbf5feca.png?v=1381437381,
cutters-s60-shockskin-gamer,,,,,,,Size,L,Color,schwarz,,,"",0,"",1,deny,manual,54.85,,true,true,,http://cdn.shopify.com/s/files/1/0240/1531/products/1_b11d04c1-7ca6-4358-bfc7-9ae97a7036e1.png?v=1381437381,
cutters-s60-shockskin-gamer,,,,,,,Size,XL,Color,schwarz,,,"",0,"",1,deny,manual,54.85,,true,true,,http://cdn.shopify.com/s/files/1/0240/1531/products/rot_0e277f45-969b-4b28-8915-4fb747fd0c19.png?v=1381437381,
cutters-s60-shockskin-gamer,,,,,,,Size,XXL,Color,schwarz,,,"",0,"",1,deny,manual,54.85,,true,true,,,
cutters-s60-shockskin-gamer,,,,,,,Size,XXXL,Color,schwarz,,,"",0,"",1,deny,manual,54.85,,true,true,,,
cutters-s60-shockskin-gamer,,,,,,,Size,S,Color,rot,,,"",0,,1,deny,manual,54.85,,true,true,,,
cutters-s60-shockskin-gamer,,,,,,,Size,M,Color,rot,,,"",0,"",1,deny,manual,54.85,,true,true,,,
cutters-s60-shockskin-gamer,,,,,,,Size,L,Color,rot,,,"",0,"",1,deny,manual,54.85,,true,true,,,
cutters-s60-shockskin-gamer,,,,,,,Size,XL,Color,rot,,,"",0,"",1,deny,manual,54.85,,true,true,,,
cutters-s60-shockskin-gamer,,,,,,,Size,XXL,Color,rot,,,"",0,"",1,deny,manual,54.85,,true,true,,,
cutters-s60-shockskin-gamer,,,,,,,Size,XXXL,Color,rot,,,"",0,"",1,deny,manual,54.85,,true,true,,,
cutters-s60-shockskin-gamer,,,,,,,Size,S,Color,navy-blau,,,"",0,,1,deny,manual,54.85,,true,true,,,
cutters-s60-shockskin-gamer,,,,,,,Size,M,Color,navy-blau,,,"",0,"",1,deny,manual,54.85,,true,true,,,
cutters-s60-shockskin-gamer,,,,,,,Size,L,Color,navy-blau,,,"",0,"",1,deny,manual,54.85,,true,true,,,
cutters-s60-shockskin-gamer,,,,,,,Size,XL,Color,navy-blau,,,"",0,"",1,deny,manual,54.85,,true,true,,,
cutters-s60-shockskin-gamer,,,,,,,Size,XXL,Color,navy-blau,,,"",0,"",1,deny,manual,54.85,,true,true,,,
cutters-s60-shockskin-gamer,,,,,,,Size,XXXL,Color,navy-blau,,,"",0,"",1,deny,manual,54.85,,true,true,,,
cutters-s60-shockskin-gamer,,,,,,,Size,S,Color,royal-blau,,,"",0,,1,deny,manual,54.85,,true,true,,,
cutters-s60-shockskin-gamer,,,,,,,Size,M,Color,royal-blau,,,"",0,"",1,deny,manual,54.85,,true,true,,,
cutters-s60-shockskin-gamer,,,,,,,Size,L,Color,royal-blau,,,"",0,"",1,deny,manual,54.85,,true,true,,,
cutters-s60-shockskin-gamer,,,,,,,Size,XL,Color,royal-blau,,,"",0,"",1,deny,manual,54.85,,true,true,,,
cutters-s60-shockskin-gamer,,,,,,,Size,XXL,Color,royal-blau,,,"",0,"",1,deny,manual,54.85,,true,true,,,
cutters-s60-shockskin-gamer,,,,,,,Size,XXXL,Color,royal-blau,,,"",0,"",1,deny,manual,54.85,,true,true,,,
cutters-s90-shokskin-lineman,S90 ShokSkin Lineman,"",Cutters,Hands,"",true,Size,M,Color,schwarz,,,"",0,,1,deny,manual,64.85,,true,true,,http://cdn.shopify.com/s/files/1/0240/1531/products/1_7eabd895-44e9-4b6f-8e0e-531801fd88e7.png?v=1381436922,
cutters-s90-shokskin-lineman,,,,,,,Size,L,Color,schwarz,,,"",0,"",1,deny,manual,64.85,,true,true,,http://cdn.shopify.com/s/files/1/0240/1531/products/2_b6ac648a-8bf5-4638-bf45-55963712a0f7.png?v=1381436922,
cutters-s90-shokskin-lineman,,,,,,,Size,XL,Color,schwarz,,,"",0,"",1,deny,manual,64.85,,true,true,,,
cutters-s90-shokskin-lineman,,,,,,,Size,XXL,Color,schwarz,,,"",0,"",1,deny,manual,64.85,,true,true,,,
cutters-s90-shokskin-lineman,,,,,,,Size,XXXL,Color,schwarz,,,"",0,"",1,deny,manual,64.85,,true,true,,,
so2,SO2,"",Rawlings,Zubehör Helme,"",true,Title,schwarz,,,,,"",0,,1,deny,manual,29.85,,true,true,,http://cdn.shopify.com/s/files/1/0240/1531/products/S02.jpg?v=1384995346,
so2,,,,,,,Title,weiß,,,,,"",0,"",1,deny,manual,29.85,,true,true,,,
so2,,,,,,,Title,rot,,,,,"",0,"",1,deny,manual,29.85,,true,true,,,
so2,,,,,,,Title,navy-blau,,,,,"",0,"",1,deny,manual,29.85,,true,true,,,
so2,,,,,,,Title,royal-blau,,,,,"",0,"",1,deny,manual,29.85,,true,true,,,
so2,,,,,,,Title,gelb,,,,,"",0,"",1,deny,manual,29.85,,true,true,,,
so2,,,,,,,Title,grün,,,,,"",0,"",1,deny,manual,29.85,,true,true,,,
so2,,,,,,,Title,lila,,,,,"",0,"",1,deny,manual,29.85,,true,true,,,
so2r,SO2R,"",Rawlings,Zubehör Helme,"",true,Title,schwarz,,,,,"",0,,1,deny,manual,29.85,,true,true,,http://cdn.shopify.com/s/files/1/0240/1531/products/S02R.gif?v=1384995293,
so2r,,,,,,,Title,weiß,,,,,"",0,"",1,deny,manual,29.85,,true,true,,,
so2r,,,,,,,Title,rot,,,,,"",0,"",1,deny,manual,29.85,,true,true,,,
so2r,,,,,,,Title,navy-blau,,,,,"",0,"",1,deny,manual,29.85,,true,true,,,
so2r,,,,,,,Title,royal-blau,,,,,"",0,"",1,deny,manual,29.85,,true,true,,,
so2r,,,,,,,Title,gelb,,,,,"",0,"",1,deny,manual,29.85,,true,true,,,
so2r,,,,,,,Title,grün,,,,,"",0,"",1,deny,manual,29.85,,true,true,,,
so2r,,,,,,,Title,lila,,,,,"",0,"",1,deny,manual,29.85,,true,true,,,
so2reg,SO2REG,"",Rawlings,Zubehör Helme,"",true,Title,schwarz,,,,,"",0,,1,deny,manual,29.85,,true,true,,http://cdn.shopify.com/s/files/1/0240/1531/products/S02REG.jpg?v=1384995249,
so2reg,,,,,,,Title,weiß,,,,,"",0,"",1,deny,manual,29.85,,true,true,,,
so2reg,,,,,,,Title,rot,,,,,"",0,"",1,deny,manual,29.85,,true,true,,,
so2reg,,,,,,,Title,navy-blau,,,,,"",0,"",1,deny,manual,29.85,,true,true,,,
so2reg,,,,,,,Title,royal-blau,,,,,"",0,"",1,deny,manual,29.85,,true,true,,,
so2reg,,,,,,,Title,gelb,,,,,"",0,"",1,deny,manual,29.85,,true,true,,,
so2reg,,,,,,,Title,grün,,,,,"",0,"",1,deny,manual,29.85,,true,true,,,
so2reg,,,,,,,Title,lila,,,,,"",0,"",1,deny,manual,29.85,,true,true,,,
so2ru,SO2RU,"",Rawlings,Zubehör Helme,"",true,Title,schwarz,,,,,"",0,,1,deny,manual,29.85,,true,true,,http://cdn.shopify.com/s/files/1/0240/1531/products/S02RU.jpg?v=1384995193,
so2ru,,,,,,,Title,weiß,,,,,"",0,"",1,deny,manual,29.85,,true,true,,,
so2ru,,,,,,,Title,rot,,,,,"",0,"",1,deny,manual,29.85,,true,true,,,
so2ru,,,,,,,Title,navy-blau,,,,,"",0,"",1,deny,manual,29.85,,true,true,,,
so2ru,,,,,,,Title,royal-blau,,,,,"",0,"",1,deny,manual,29.85,,true,true,,,
so2ru,,,,,,,Title,gelb,,,,,"",0,"",1,deny,manual,29.85,,true,true,,,
so2ru,,,,,,,Title,grün,,,,,"",0,"",1,deny,manual,29.85,,true,true,,,
so2ru,,,,,,,Title,lila,,,,,"",0,"",1,deny,manual,29.85,,true,true,,,
riddell-spx10ibp,SPX10iBP,"",Riddell,Pads,"",true,Size,S,,,,,"",0,,1,deny,manual,369.85,,true,true,,http://cdn.shopify.com/s/files/1/0240/1531/products/Riddell_SPX10iBP.jpg?v=1385323759,
riddell-spx10ibp,,,,,,,Size,M,,,,,"",0,"",1,deny,manual,369.85,,true,true,,http://cdn.shopify.com/s/files/1/0240/1531/products/Riddell_SPX10iBP_back.jpg?v=1385323827,
riddell-spx10ibp,,,,,,,Size,L,,,,,"",0,"",1,deny,manual,369.85,,true,true,,,
riddell-spx10ibp,,,,,,,Size,XL,,,,,"",0,"",1,deny,manual,369.85,,true,true,,,
riddell-spx30,SPX30,"",Riddell,Pads,"",true,Size,S,,,,,"",0,,1,deny,manual,369.85,,true,true,,http://cdn.shopify.com/s/files/1/0240/1531/products/SPX30.jpg?v=1385323888,
riddell-spx30,,,,,,,Size,M,,,,,"",0,"",1,deny,manual,369.85,,true,true,,,
riddell-spx30,,,,,,,Size,L,,,,,"",0,"",1,deny,manual,369.85,,true,true,,,
riddell-spx30,,,,,,,Size,XL,,,,,"",0,"",1,deny,manual,369.85,,true,true,,,
riddell-spx30,,,,,,,Size,XXL,,,,,"",0,"",1,deny,manual,369.85,,true,true,,,
riddell-spx40,SPX40,"",Riddell,Pads,"",true,Size,M,,,,,"",0,,1,deny,manual,369.85,,true,true,,http://cdn.shopify.com/s/files/1/0240/1531/products/Riddell_SPX40.jpg?v=1385323942,
riddell-spx40,,,,,,,Size,L,,,,,"",0,"",1,deny,manual,369.85,,true,true,,,
riddell-spx40,,,,,,,Size,XL,,,,,"",0,"",1,deny,manual,369.85,,true,true,,,
riddell-spx40,,,,,,,Size,XXL,,,,,"",0,"",1,deny,manual,369.85,,true,true,,,
riddell-spx40,,,,,,,Size,XXXL,,,,,"",0,"",1,deny,manual,369.85,,true,true,,,
riddell-spx50,SPX50,"",Riddell,Pads,"",true,Size,S,,,,,"",0,,1,deny,manual,369.85,,true,true,,http://cdn.shopify.com/s/files/1/0240/1531/products/Riddell_SPX50.jpg?v=1385324041,
riddell-spx50,,,,,,,Size,M,,,,,"",0,"",1,deny,manual,369.85,,true,true,,,
riddell-spx50,,,,,,,Size,L,,,,,"",0,"",1,deny,manual,369.85,,true,true,,,
riddell-spx50,,,,,,,Size,XL,,,,,"",0,"",1,deny,manual,369.85,,true,true,,,
riddell-spx50,,,,,,,Size,XXL,,,,,"",0,"",1,deny,manual,369.85,,true,true,,,
nike-super-bad-2-0,Super Bad 2.0,"",Nike,Hands,"",true,Size,S,Color,schwarz,,,"",0,,1,deny,manual,54.85,,true,true,,http://cdn.shopify.com/s/files/1/0240/1531/products/grun_1.png?v=1381436046,
nike-super-bad-2-0,,,,,,,Size,M,Color,schwarz,,,"",0,"",1,deny,manual,54.85,,true,true,,http://cdn.shopify.com/s/files/1/0240/1531/products/grun_2.png?v=1381436046,
nike-super-bad-2-0,,,,,,,Size,L,Color,schwarz,,,"",0,"",1,deny,manual,54.85,,true,true,,http://cdn.shopify.com/s/files/1/0240/1531/products/gelb_71fd4a6a-fa17-4740-86c3-6f80e5e37a1f.png?v=1381435917,
nike-super-bad-2-0,,,,,,,Size,XL,Color,schwarz,,,"",0,"",1,deny,manual,54.85,,true,true,,http://cdn.shopify.com/s/files/1/0240/1531/products/royal.png?v=1381435914,
nike-super-bad-2-0,,,,,,,Size,XXL,Color,schwarz,,,"",0,"",1,deny,manual,54.85,,true,true,,http://cdn.shopify.com/s/files/1/0240/1531/products/navy.png?v=1381436048,
nike-super-bad-2-0,,,,,,,Size,S,Color,rot,,,"",0,,1,deny,manual,54.85,,true,true,,http://cdn.shopify.com/s/files/1/0240/1531/products/schwarz_e631d718-5eac-48d7-80c8-21a1531b4896.png?v=1381435914,
nike-super-bad-2-0,,,,,,,Size,M,Color,rot,,,"",0,"",1,deny,manual,54.85,,true,true,,http://cdn.shopify.com/s/files/1/0240/1531/products/rot_480ec798-64f8-48d4-8404-8580939a0c3e.png?v=1381436047,
nike-super-bad-2-0,,,,,,,Size,L,Color,rot,,,"",0,"",1,deny,manual,54.85,,true,true,,,
nike-super-bad-2-0,,,,,,,Size,XL,Color,rot,,,"",0,"",1,deny,manual,54.85,,true,true,,,
nike-super-bad-2-0,,,,,,,Size,XXL,Color,rot,,,"",0,"",1,deny,manual,54.85,,true,true,,,
nike-super-bad-2-0,,,,,,,Size,S,Color,navy-blau,,,"",0,,1,deny,manual,54.85,,true,true,,,
nike-super-bad-2-0,,,,,,,Size,M,Color,navy-blau,,,"",0,"",1,deny,manual,54.85,,true,true,,,
nike-super-bad-2-0,,,,,,,Size,L,Color,navy-blau,,,"",0,"",1,deny,manual,54.85,,true,true,,,
nike-super-bad-2-0,,,,,,,Size,XL,Color,navy-blau,,,"",0,"",1,deny,manual,54.85,,true,true,,,
nike-super-bad-2-0,,,,,,,Size,XXL,Color,navy-blau,,,"",0,"",1,deny,manual,54.85,,true,true,,,
nike-super-bad-2-0,,,,,,,Size,S,Color,royal-blau,,,"",0,,1,deny,manual,54.85,,true,true,,,
nike-super-bad-2-0,,,,,,,Size,M,Color,royal-blau,,,"",0,"",1,deny,manual,54.85,,true,true,,,
nike-super-bad-2-0,,,,,,,Size,L,Color,royal-blau,,,"",0,"",1,deny,manual,54.85,,true,true,,,
nike-super-bad-2-0,,,,,,,Size,XL,Color,royal-blau,,,"",0,"",1,deny,manual,54.85,,true,true,,,
nike-super-bad-2-0,,,,,,,Size,XXL,Color,royal-blau,,,"",0,"",1,deny,manual,54.85,,true,true,,,
nike-super-bad-2-0,,,,,,,Size,S,Color,grün,,,"",0,,1,deny,manual,54.85,,true,true,,,
nike-super-bad-2-0,,,,,,,Size,M,Color,grün,,,"",0,"",1,deny,manual,54.85,,true,true,,,
nike-super-bad-2-0,,,,,,,Size,XL,Color,grün,,,"",0,"",1,deny,manual,54.85,,true,true,,,
nike-super-bad-2-0,,,,,,,Size,L,Color,grün,,,"",0,"",1,deny,manual,54.85,,true,true,,,
nike-super-bad-2-0,,,,,,,Size,XXL,Color,grün,,,"",0,"",1,deny,manual,54.85,,true,true,,,
nike-super-bad-2-0,,,,,,,Size,S,Color,gelb,,,"",0,,1,deny,manual,54.85,,true,true,,,
nike-super-bad-2-0,,,,,,,Size,M,Color,gelb,,,"",0,"",1,deny,manual,54.85,,true,true,,,
nike-super-bad-2-0,,,,,,,Size,L,Color,gelb,,,"",0,"",1,deny,manual,54.85,,true,true,,,
nike-super-bad-2-0,,,,,,,Size,XL,Color,gelb,,,"",0,"",1,deny,manual,54.85,,true,true,,,
nike-super-bad-2-0,,,,,,,Size,XXL,Color,gelb,,,"",0,"",1,deny,manual,54.85,,true,true,,,
super-bad-shark,Super Bad Shark,"",Nike,Schuhe,"",true,Size,6.5,,,,,"",0,,1,deny,manual,89.85,,true,true,,http://cdn.shopify.com/s/files/1/0240/1531/products/Nike_Super_Bad_Shark.jpg?v=1384879389,
super-bad-shark,,,,,,,Size,7.0,,,,,"",0,"",1,deny,manual,89.85,,true,true,,,
super-bad-shark,,,,,,,Size,7.5,,,,,"",0,"",1,deny,manual,89.85,,true,true,,,
super-bad-shark,,,,,,,Size,8.0,,,,,"",0,"",1,deny,manual,89.85,,true,true,,,
super-bad-shark,,,,,,,Size,8.5,,,,,"",0,"",1,deny,manual,89.85,,true,true,,,
super-bad-shark,,,,,,,Size,9.0,,,,,"",0,"",1,deny,manual,89.85,,true,true,,,
surge-ii-5-8,Surge II 5/8,"",Under Armour,Schuhe,"",true,Size,8.0,,,,,"",0,,1,deny,manual,69.85,,true,true,,http://cdn.shopify.com/s/files/1/0240/1531/products/51580002-ua-surgeii.jpg?v=1384879472,
surge-ii-5-8,,,,,,,Size,8.5,,,,,"",0,"",1,deny,manual,69.85,,true,true,,,
surge-ii-5-8,,,,,,,Size,9.0,,,,,"",0,"",1,deny,manual,69.85,,true,true,,,
surge-ii-5-8,,,,,,,Size,9.5,,,,,"",0,"",1,deny,manual,69.85,,true,true,,,
surge-ii-5-8,,,,,,,Size,10.0,,,,,"",0,"",1,deny,manual,69.85,,true,true,,,
surge-ii-5-8,,,,,,,Size,10.5,,,,,"",0,"",1,deny,manual,69.85,,true,true,,,
surge-ii-5-8,,,,,,,Size,11.0,,,,,"",0,"",1,deny,manual,69.85,,true,true,,,
nike-torque,Torque,"",Nike,Hands,"",true,Size,S,Color,schwarz,,,"",0,,1,deny,manual,39.85,,true,true,,http://cdn.shopify.com/s/files/1/0240/1531/products/rot_e7d08f87-846e-407c-8943-2a6b7d9cdc54.png?v=1381436661,
nike-torque,,,,,,,Size,M,Color,schwarz,,,"",0,"",1,deny,manual,39.85,,true,true,,http://cdn.shopify.com/s/files/1/0240/1531/products/royal_849c70b2-c7ec-4c2a-85b7-b5f3bf152e89.png?v=1381436661,
nike-torque,,,,,,,Size,L,Color,schwarz,,,"",0,"",1,deny,manual,39.85,,true,true,,http://cdn.shopify.com/s/files/1/0240/1531/products/navy_f882a08e-8791-4034-a4c9-b2a5c3173d12.png?v=1381436660,
nike-torque,,,,,,,Size,XL,Color,schwarz,,,"",0,"",1,deny,manual,39.85,,true,true,,http://cdn.shopify.com/s/files/1/0240/1531/products/schwarz_9521bfd1-e4ef-44a6-8e60-355a10713d4b.png?v=1381436661,
nike-torque,,,,,,,Size,XXL,Color,schwarz,,,"",0,"",1,deny,manual,39.85,,true,true,,,
nike-torque,,,,,,,Size,S,Color,rot,,,"",0,,1,deny,manual,39.85,,true,true,,,
nike-torque,,,,,,,Size,M,Color,rot,,,"",0,"",1,deny,manual,39.85,,true,true,,,
nike-torque,,,,,,,Size,L,Color,rot,,,"",0,"",1,deny,manual,39.85,,true,true,,,
nike-torque,,,,,,,Size,XL,Color,rot,,,"",0,"",1,deny,manual,39.85,,true,true,,,
nike-torque,,,,,,,Size,XXL,Color,rot,,,"",0,"",1,deny,manual,39.85,,true,true,,,
nike-torque,,,,,,,Size,S,Color,navy-blau,,,"",0,,1,deny,manual,39.85,,true,true,,,
nike-torque,,,,,,,Size,M,Color,navy-blau,,,"",0,"",1,deny,manual,39.85,,true,true,,,
nike-torque,,,,,,,Size,L,Color,navy-blau,,,"",0,"",1,deny,manual,39.85,,true,true,,,
nike-torque,,,,,,,Size,XL,Color,navy-blau,,,"",0,"",1,deny,manual,39.85,,true,true,,,
nike-torque,,,,,,,Size,XXL,Color,navy-blau,,,"",0,"",1,deny,manual,39.85,,true,true,,,
nike-torque,,,,,,,Size,S,Color,royal-blau,,,"",0,,1,deny,manual,39.85,,true,true,,,
nike-torque,,,,,,,Size,M,Color,royal-blau,,,"",0,"",1,deny,manual,39.85,,true,true,,,
nike-torque,,,,,,,Size,L,Color,royal-blau,,,"",0,"",1,deny,manual,39.85,,true,true,,,
nike-torque,,,,,,,Size,XL,Color,royal-blau,,,"",0,"",1,deny,manual,39.85,,true,true,,,
nike-torque,,,,,,,Size,XXL,Color,royal-blau,,,"",0,"",1,deny,manual,39.85,,true,true,,,
nike-vapor-fly,Vapor Fly,"",Nike,Hands,"",true,Size,S,,,,,"",0,,1,deny,manual,74.85,,true,true,,http://cdn.shopify.com/s/files/1/0240/1531/products/Nike_Vapor_Fly.jpg?v=1384469094,
nike-vapor-fly,,,,,,,Size,M,,,,,"",0,"",1,deny,manual,74.85,,true,true,,http://cdn.shopify.com/s/files/1/0240/1531/products/Nike_Vapor_Fly_front.jpg?v=1384469094,
nike-vapor-fly,,,,,,,Size,L,,,,,"",0,"",1,deny,manual,74.85,,true,true,,,
nike-vapor-fly,,,,,,,Size,XL,,,,,"",0,"",1,deny,manual,74.85,,true,true,,,
nike-vapor-fly,,,,,,,Size,XXL,,,,,"",0,"",1,deny,manual,74.85,,true,true,,,
nike-vapor-jet-2-0,Vapor Jet 2.0,"",Nike,Hands,"",true,Size,S,Color,schwarz,,,"",0,,1,deny,manual,49.85,,true,true,,http://cdn.shopify.com/s/files/1/0240/1531/products/grun_1_a3888ae1-7352-45e7-b596-ef444dad0ad6.png?v=1381436633,
nike-vapor-jet-2-0,,,,,,,Size,M,Color,schwarz,,,"",0,"",1,deny,manual,49.85,,true,true,,http://cdn.shopify.com/s/files/1/0240/1531/products/grun_2_f78de8ee-6e4c-4bc9-b45c-90f7b1083793.png?v=1381436633,
nike-vapor-jet-2-0,,,,,,,Size,L,Color,schwarz,,,"",0,"",1,deny,manual,49.85,,true,true,,http://cdn.shopify.com/s/files/1/0240/1531/products/gelb_e3d3a952-dcf7-4a83-b926-73f339c3ba08.png?v=1381436633,
nike-vapor-jet-2-0,,,,,,,Size,XL,Color,schwarz,,,"",0,"",1,deny,manual,49.85,,true,true,,http://cdn.shopify.com/s/files/1/0240/1531/products/royal_bf282cc3-8539-4468-9daa-9a7dea805421.png?v=1381436402,
nike-vapor-jet-2-0,,,,,,,Size,XXL,Color,schwarz,,,"",0,"",1,deny,manual,49.85,,true,true,,http://cdn.shopify.com/s/files/1/0240/1531/products/navy_aceaab2e-2e51-4aa2-8d5d-75693269acc3.png?v=1381436403,
nike-vapor-jet-2-0,,,,,,,Size,S,Color,weiß,,,"",0,,1,deny,manual,49.85,,true,true,,http://cdn.shopify.com/s/files/1/0240/1531/products/schwarz_191bff42-e08c-44e3-ad52-19b063982fd1.png?v=1381436403,
nike-vapor-jet-2-0,,,,,,,Size,M,Color,weiß,,,"",0,"",1,deny,manual,49.85,,true,true,,,
nike-vapor-jet-2-0,,,,,,,Size,L,Color,weiß,,,"",0,"",1,deny,manual,49.85,,true,true,,,
nike-vapor-jet-2-0,,,,,,,Size,XL,Color,weiß,,,"",0,"",1,deny,manual,49.85,,true,true,,,
nike-vapor-jet-2-0,,,,,,,Size,XXL,Color,weiß,,,"",0,"",1,deny,manual,49.85,,true,true,,,
nike-vapor-jet-2-0,,,,,,,Size,S,Color,navy,,,"",0,,1,deny,manual,49.85,,true,true,,,
nike-vapor-jet-2-0,,,,,,,Size,M,Color,navy,,,"",0,"",1,deny,manual,49.85,,true,true,,,
nike-vapor-jet-2-0,,,,,,,Size,L,Color,navy,,,"",0,"",1,deny,manual,49.85,,true,true,,,
nike-vapor-jet-2-0,,,,,,,Size,XL,Color,navy,,,"",0,"",1,deny,manual,49.85,,true,true,,,
nike-vapor-jet-2-0,,,,,,,Size,XXL,Color,navy,,,"",0,"",1,deny,manual,49.85,,true,true,,,
nike-vapor-jet-2-0,,,,,,,Size,S,Color,royal-blau,,,"",0,,1,deny,manual,49.85,,true,true,,,
nike-vapor-jet-2-0,,,,,,,Size,M,Color,royal-blau,,,"",0,"",1,deny,manual,49.85,,true,true,,,
nike-vapor-jet-2-0,,,,,,,Size,L,Color,royal-blau,,,"",0,"",1,deny,manual,49.85,,true,true,,,
nike-vapor-jet-2-0,,,,,,,Size,XL,Color,royal-blau,,,"",0,"",1,deny,manual,49.85,,true,true,,,
nike-vapor-jet-2-0,,,,,,,Size,XXL,Color,royal-blau,,,"",0,"",1,deny,manual,49.85,,true,true,,,
nike-vapor-jet-2-0,,,,,,,Size,S,Color,grün,,,"",0,,1,deny,manual,49.85,,true,true,,,
nike-vapor-jet-2-0,,,,,,,Size,M,Color,grün,,,"",0,"",1,deny,manual,49.85,,true,true,,,
nike-vapor-jet-2-0,,,,,,,Size,L,Color,grün,,,"",0,"",1,deny,manual,49.85,,true,true,,,
nike-vapor-jet-2-0,,,,,,,Size,XL,Color,grün,,,"",0,"",1,deny,manual,49.85,,true,true,,,
nike-vapor-jet-2-0,,,,,,,Size,XXL,Color,grün,,,"",0,"",1,deny,manual,49.85,,true,true,,,
nike-vapor-jet-2-0,,,,,,,Size,S,Color,gelb,,,"",0,,1,deny,manual,49.85,,true,true,,,
nike-vapor-jet-2-0,,,,,,,Size,M,Color,gelb,,,"",0,"",1,deny,manual,49.85,,true,true,,,
nike-vapor-jet-2-0,,,,,,,Size,L,Color,gelb,,,"",0,"",1,deny,manual,49.85,,true,true,,,
nike-vapor-jet-2-0,,,,,,,Size,XL,Color,gelb,,,"",0,"",1,deny,manual,49.85,,true,true,,,
nike-vapor-jet-2-0,,,,,,,Size,XXL,Color,gelb,,,"",0,"",1,deny,manual,49.85,,true,true,,,
varsity-backplate,Varsity Backplate,"",Riddell,Zubehör Pads,"",true,Title,-,,,,,"",0,,1,deny,manual,24.85,,true,true,,http://cdn.shopify.com/s/files/1/0240/1531/products/Varsity-Backplate.gif?v=1385061309,
varsity-rib-vest,Varsity Rib Vest,"",Riddell,Zubehör Pads,"",true,Title,S,,,,,"",0,,1,deny,manual,39.85,,true,true,,http://cdn.shopify.com/s/files/1/0240/1531/products/Riddell_VarsityRibVest.jpg?v=1385061506,
varsity-rib-vest,,,,,,,Title,M,,,,,"",0,"",1,deny,manual,39.85,,true,true,,,
varsity-rib-vest,,,,,,,Title,L,,,,,"",0,"",1,deny,manual,39.85,,true,true,,,
varsity-rib-vest,,,,,,,Title,XL,,,,,"",0,"",1,deny,manual,39.85,,true,true,,,
varsity-rib-vest,,,,,,,Title,XXL,,,,,"",0,"",1,deny,manual,39.85,,true,true,,,
varsity-rib-vest,,,,,,,Title,XXXL,,,,,"",0,"",1,deny,manual,39.85,,true,true,,,
cutters-x40-c-tack-revolution,X40 C-Tack Revolution,"",Cutters,Hands,"",true,Size,S,Color,schwarz,,,"",0,,1,deny,manual,45.00,,true,true,,http://cdn.shopify.com/s/files/1/0240/1531/products/rot_471e25ab-45ac-4e36-afd6-a692cb8879d3.png?v=1381438401,
cutters-x40-c-tack-revolution,,,,,,,Size,M,Color,schwarz,,,"",0,"",1,deny,manual,45.00,,true,true,,http://cdn.shopify.com/s/files/1/0240/1531/products/gelb_ab251505-1a49-4872-8220-40a8ff5d8c49.png?v=1381438401,
cutters-x40-c-tack-revolution,,,,,,,Size,L,Color,schwarz,,,"",0,"",1,deny,manual,45.00,,true,true,,http://cdn.shopify.com/s/files/1/0240/1531/products/grun.png?v=1381438401,
cutters-x40-c-tack-revolution,,,,,,,Size,XL,Color,schwarz,,,"",0,"",1,deny,manual,45.00,,true,true,,http://cdn.shopify.com/s/files/1/0240/1531/products/navy_4d98d7cc-2a76-4f71-aa36-49b9ff8ebc31.png?v=1381438401,
cutters-x40-c-tack-revolution,,,,,,,Size,XXL,Color,schwarz,,,"",0,"",1,deny,manual,45.00,,true,true,,http://cdn.shopify.com/s/files/1/0240/1531/products/royal_7dc23488-0cbf-47f7-a223-6f9379026818.png?v=1381438401,
cutters-x40-c-tack-revolution,,,,,,,Size,XXXL,Color,schwarz,,,"",0,"",1,deny,manual,45.00,,true,true,,http://cdn.shopify.com/s/files/1/0240/1531/products/schwarz_f7a9b5a1-ed06-46ab-838e-fdd088f85d50.png?v=1381438401,
cutters-x40-c-tack-revolution,,,,,,,Size,S,Color,weiß,,,"",0,,1,deny,manual,45.00,,true,true,,http://cdn.shopify.com/s/files/1/0240/1531/products/weiss_1a50ebc3-4de1-48b8-9679-327e7c979968.png?v=1381438401,
cutters-x40-c-tack-revolution,,,,,,,Size,M,Color,weiß,,,"",0,"",1,deny,manual,45.00,,true,true,,,
cutters-x40-c-tack-revolution,,,,,,,Size,L,Color,weiß,,,"",0,"",1,deny,manual,45.00,,true,true,,,
cutters-x40-c-tack-revolution,,,,,,,Size,XL,Color,weiß,,,"",0,"",1,deny,manual,45.00,,true,true,,,
cutters-x40-c-tack-revolution,,,,,,,Size,XXL,Color,weiß,,,"",0,"",1,deny,manual,45.00,,true,true,,,
cutters-x40-c-tack-revolution,,,,,,,Size,XXXL,Color,weiß,,,"",0,"",1,deny,manual,45.00,,true,true,,,
cutters-x40-c-tack-revolution,,,,,,,Size,S,Color,rot,,,"",0,,1,deny,manual,45.00,,true,true,,,
cutters-x40-c-tack-revolution,,,,,,,Size,M,Color,rot,,,"",0,"",1,deny,manual,45.00,,true,true,,,
cutters-x40-c-tack-revolution,,,,,,,Size,L,Color,rot,,,"",0,"",1,deny,manual,45.00,,true,true,,,
cutters-x40-c-tack-revolution,,,,,,,Size,XL,Color,rot,,,"",0,"",1,deny,manual,45.00,,true,true,,,
cutters-x40-c-tack-revolution,,,,,,,Size,XXL,Color,rot,,,"",0,"",1,deny,manual,45.00,,true,true,,,
cutters-x40-c-tack-revolution,,,,,,,Size,XXXL,Color,rot,,,"",0,"",1,deny,manual,45.00,,true,true,,,
cutters-x40-c-tack-revolution,,,,,,,Size,S,Color,navy-blau,,,"",0,,1,deny,manual,45.00,,true,true,,,
cutters-x40-c-tack-revolution,,,,,,,Size,M,Color,navy-blau,,,"",0,"",1,deny,manual,45.00,,true,true,,,
cutters-x40-c-tack-revolution,,,,,,,Size,L,Color,navy-blau,,,"",0,"",1,deny,manual,45.00,,true,true,,,
cutters-x40-c-tack-revolution,,,,,,,Size,XL,Color,navy-blau,,,"",0,"",1,deny,manual,45.00,,true,true,,,
cutters-x40-c-tack-revolution,,,,,,,Size,XXL,Color,navy-blau,,,"",0,"",1,deny,manual,45.00,,true,true,,,
cutters-x40-c-tack-revolution,,,,,,,Size,XXXL,Color,navy-blau,,,"",0,"",1,deny,manual,45.00,,true,true,,,
cutters-x40-c-tack-revolution,,,,,,,Size,S,Color,royal-blau,,,"",0,,1,deny,manual,45.00,,true,true,,,
cutters-x40-c-tack-revolution,,,,,,,Size,M,Color,royal-blau,,,"",0,"",1,deny,manual,45.00,,true,true,,,
cutters-x40-c-tack-revolution,,,,,,,Size,L,Color,royal-blau,,,"",0,"",1,deny,manual,45.00,,true,true,,,
cutters-x40-c-tack-revolution,,,,,,,Size,XL,Color,royal-blau,,,"",0,"",1,deny,manual,45.00,,true,true,,,
cutters-x40-c-tack-revolution,,,,,,,Size,XXL,Color,royal-blau,,,"",0,"",1,deny,manual,45.00,,true,true,,,
cutters-x40-c-tack-revolution,,,,,,,Size,XXXL,Color,royal-blau,,,"",0,"",1,deny,manual,45.00,,true,true,,,
cutters-x40-c-tack-revolution,,,,,,,Size,S,Color,grün,,,"",0,,1,deny,manual,45.00,,true,true,,,
cutters-x40-c-tack-revolution,,,,,,,Size,M,Color,grün,,,"",0,"",1,deny,manual,45.00,,true,true,,,
cutters-x40-c-tack-revolution,,,,,,,Size,L,Color,grün,,,"",0,"",1,deny,manual,45.00,,true,true,,,
cutters-x40-c-tack-revolution,,,,,,,Size,XL,Color,grün,,,"",0,"",1,deny,manual,45.00,,true,true,,,
cutters-x40-c-tack-revolution,,,,,,,Size,XXL,Color,grün,,,"",0,"",1,deny,manual,45.00,,true,true,,,
cutters-x40-c-tack-revolution,,,,,,,Size,XXXL,Color,grün,,,"",0,"",1,deny,manual,45.00,,true,true,,,
cutters-x40-c-tack-revolution,,,,,,,Size,S,Color,gelb,,,"",0,,1,deny,manual,45.00,,true,true,,,
cutters-x40-c-tack-revolution,,,,,,,Size,M,Color,gelb,,,"",0,"",1,deny,manual,45.00,,true,true,,,
cutters-x40-c-tack-revolution,,,,,,,Size,L,Color,gelb,,,"",0,"",1,deny,manual,45.00,,true,true,,,
cutters-x40-c-tack-revolution,,,,,,,Size,XL,Color,gelb,,,"",0,"",1,deny,manual,45.00,,true,true,,,
cutters-x40-c-tack-revolution,,,,,,,Size,XXL,Color,gelb,,,"",0,"",1,deny,manual,45.00,,true,true,,,
cutters-x40-c-tack-revolution,,,,,,,Size,XXXL,Color,gelb,,,"",0,"",1,deny,manual,45.00,,true,true,,,
cutters-x40-solid,X40 C-Tack Solid,"",Cutters,Hands,"",true,Size,S,Color,schwarz,,,"",0,,1,deny,manual,45.00,,true,true,,http://cdn.shopify.com/s/files/1/0240/1531/products/navy_edc22833-d989-4392-9a11-e6d80215021c.png?v=1381438656,
cutters-x40-solid,,,,,,,Size,M,Color,schwarz,,,"",0,"",1,deny,manual,45.00,,true,true,,http://cdn.shopify.com/s/files/1/0240/1531/products/rot_773e00f2-aa18-4aa0-aa11-d3ebdb524ab9.png?v=1381438656,
cutters-x40-solid,,,,,,,Size,L,Color,schwarz,,,"",0,"",1,deny,manual,45.00,,true,true,,http://cdn.shopify.com/s/files/1/0240/1531/products/royal_3b20d9b0-35a4-40fb-87e2-5bde117bbc2f.png?v=1381438656,
cutters-x40-solid,,,,,,,Size,XL,Color,schwarz,,,"",0,"",1,deny,manual,45.00,,true,true,,http://cdn.shopify.com/s/files/1/0240/1531/products/schwarz_29489fc8-c207-4767-8c91-8d066119ad77.png?v=1381438656,
cutters-x40-solid,,,,,,,Size,XXL,Color,schwarz,,,"",0,"",1,deny,manual,45.00,,true,true,,http://cdn.shopify.com/s/files/1/0240/1531/products/weiss_af42464e-0eea-4629-bc44-db28352ec24e.png?v=1381438656,
cutters-x40-solid,,,,,,,Size,XXXL,Color,schwarz,,,"",0,"",1,deny,manual,45.00,,true,true,,,
cutters-x40-solid,,,,,,,Size,S,Color,weiß,,,"",0,,1,deny,manual,45.00,,true,true,,,
cutters-x40-solid,,,,,,,Size,M,Color,weiß,,,"",0,"",1,deny,manual,45.00,,true,true,,,
cutters-x40-solid,,,,,,,Size,L,Color,weiß,,,"",0,"",1,deny,manual,45.00,,true,true,,,
cutters-x40-solid,,,,,,,Size,XL,Color,weiß,,,"",0,"",1,deny,manual,45.00,,true,true,,,
cutters-x40-solid,,,,,,,Size,XXL,Color,weiß,,,"",0,"",1,deny,manual,45.00,,true,true,,,
cutters-x40-solid,,,,,,,Size,XXXL,Color,weiß,,,"",0,"",1,deny,manual,45.00,,true,true,,,
cutters-x40-solid,,,,,,,Size,S,Color,rot,,,"",0,,1,deny,manual,45.00,,true,true,,,
cutters-x40-solid,,,,,,,Size,M,Color,rot,,,"",0,"",1,deny,manual,45.00,,true,true,,,
cutters-x40-solid,,,,,,,Size,L,Color,rot,,,"",0,"",1,deny,manual,45.00,,true,true,,,
cutters-x40-solid,,,,,,,Size,XL,Color,rot,,,"",0,"",1,deny,manual,45.00,,true,true,,,
cutters-x40-solid,,,,,,,Size,XXL,Color,rot,,,"",0,"",1,deny,manual,45.00,,true,true,,,
cutters-x40-solid,,,,,,,Size,XXXL,Color,rot,,,"",0,"",1,deny,manual,45.00,,true,true,,,
cutters-x40-solid,,,,,,,Size,S,Color,navy-blau,,,"",0,,1,deny,manual,45.00,,true,true,,,
cutters-x40-solid,,,,,,,Size,M,Color,navy-blau,,,"",0,"",1,deny,manual,45.00,,true,true,,,
cutters-x40-solid,,,,,,,Size,L,Color,navy-blau,,,"",0,"",1,deny,manual,45.00,,true,true,,,
cutters-x40-solid,,,,,,,Size,XL,Color,navy-blau,,,"",0,"",1,deny,manual,45.00,,true,true,,,
cutters-x40-solid,,,,,,,Size,XXL,Color,navy-blau,,,"",0,"",1,deny,manual,45.00,,true,true,,,
cutters-x40-solid,,,,,,,Size,XXXL,Color,navy-blau,,,"",0,"",1,deny,manual,45.00,,true,true,,,
cutters-x40-solid,,,,,,,Size,S,Color,royal-blau,,,"",0,,1,deny,manual,45.00,,true,true,,,
cutters-x40-solid,,,,,,,Size,M,Color,royal-blau,,,"",0,"",1,deny,manual,45.00,,true,true,,,
cutters-x40-solid,,,,,,,Size,L,Color,royal-blau,,,"",0,"",1,deny,manual,45.00,,true,true,,,
cutters-x40-solid,,,,,,,Size,XL,Color,royal-blau,,,"",0,"",1,deny,manual,45.00,,true,true,,,
cutters-x40-solid,,,,,,,Size,XXL,Color,royal-blau,,,"",0,"",1,deny,manual,45.00,,true,true,,,
cutters-x40-solid,,,,,,,Size,XXXL,Color,royal-blau,,,"",0,"",1,deny,manual,45.00,,true,true,,,
